Date,Open,High,Low,Close,Change(Pips),Change(%)
2024-03-04 00:00:00,2080.75,2086.24,2079.41,2080.19,,
2024-03-04 04:00:00,2080.2,2083.45,2079.85,2081.53,13400.000000001455,0.06441719266028212
2024-03-04 08:00:00,2081.54,2088.25,2081.02,2085.2,36699.99999999618,0.17631261620056904
2024-03-04 12:00:00,2085.18,2093.22,2081.18,2091.63,64300.00000000291,0.30836370611933006
2024-03-04 16:00:00,2091.7,2119.92,2090.5,2116.47,248399.99999999691,1.1875905394357344
2024-03-04 20:00:00,2116.49,2118.53,2113.31,2114.24,-22300.000000000182,-0.10536412044583887
2024-03-05 00:00:00,2113.9,2116.84,2110.45,2112.66,-15799.999999999272,-0.07473134554260019
2024-03-05 04:00:00,2112.66,2119.7,2111.25,2119.25,65900.00000000146,0.311929037327352
2024-03-05 08:00:00,2119.24,2125.3,2113.97,2124.54,52899.999999999636,0.24961660964963883
2024-03-05 12:00:00,2124.52,2141.8,2121.17,2127.72,31799.999999998363,0.1496794600242879
2024-03-05 16:00:00,2127.74,2139.59,2123.73,2130.95,32300.000000000182,0.1518056887184427
2024-03-05 20:00:00,2130.93,2134.74,2127.09,2127.6,-33499.99999999909,-0.15720687956075619
2024-03-06 00:00:00,2127.4,2128.43,2125.16,2125.48,-21199.99999999891,-0.09964278999811116
2024-03-06 04:00:00,2125.45,2127.98,2123.67,2125.27,-2100.000000000364,-0.009880121196159664
2024-03-06 08:00:00,2125.28,2131.56,2124.34,2128.69,34200.00000000073,0.16092073007194507
2024-03-06 12:00:00,2128.6,2139.65,2124.67,2139.41,107199.99999999799,0.5035961084046914
2024-03-06 16:00:00,2139.45,2150.02,2132.28,2144.81,54000.00000000091,0.25240603717848753
2024-03-06 20:00:00,2144.8,2152.21,2139.49,2148.15,33400.000000001455,0.15572474951162096
2024-03-07 00:00:00,2148.51,2151.42,2144.17,2146.17,-19800.000000000182,-0.09217233433419514
2024-03-07 04:00:00,2146.2,2161.4,2145.6,2154.46,82899.99999999964,0.3862694940288902
2024-03-07 08:00:00,2154.39,2159.81,2151.52,2157.69,32300.000000000182,0.14992155807023178
2024-03-07 12:00:00,2157.68,2164.76,2153.31,2159.57,18800.00000000109,0.08713021796458165
2024-03-07 16:00:00,2159.59,2159.82,2147.97,2158.24,-13300.00000000382,-0.061586334316576785
2024-03-07 20:00:00,2158.24,2160.88,2156.12,2159.77,15300.000000002,0.07089109644897729
2024-03-08 00:00:00,2158.85,2163.54,2157.66,2157.9,-18699.99999999891,-0.08658329359144679
2024-03-08 04:00:00,2157.81,2159.3,2153.99,2157.75,-1500.0000000009095,-0.006951202558047598
2024-03-08 08:00:00,2157.75,2171.06,2156.44,2169.06,113099.99999999945,0.5241571080987217
2024-03-08 12:00:00,2169.07,2185.43,2156.58,2171.13,20700.000000001637,0.09543304472905412
2024-03-08 16:00:00,2171.11,2195.14,2163.76,2184.97,138399.99999999691,0.6374560712624211
2024-03-08 20:00:00,2184.88,2184.98,2168.29,2178.86,-61099.999999996726,-0.2796377066961897
2024-03-11 00:00:00,2179.49,2188.99,2177.15,2186.66,77999.99999999726,0.35798536849542817
2024-03-11 04:00:00,2186.65,2186.74,2176.85,2180.7,-59600.000000000364,-0.27256180659087637
2024-03-11 08:00:00,2180.69,2183.12,2176.69,2177.42,-32799.99999999745,-0.15041041867288607
2024-03-11 12:00:00,2177.38,2181.54,2175.81,2177.19,-2300.000000000182,-0.010562959833193553
2024-03-11 16:00:00,2177.17,2185.69,2174.84,2180.78,35900.000000001455,0.16489144263938105
2024-03-11 20:00:00,2180.83,2184.16,2177.18,2182.49,17099.999999995816,0.07841231119138925
2024-03-12 00:00:00,2182.08,2184.75,2180.25,2180.37,-21199.99999999891,-0.09713675664034804
2024-03-12 04:00:00,2180.48,2183.04,2176.75,2178.21,-21599.999999998545,-0.0990657548948004
2024-03-12 08:00:00,2178.21,2179.14,2173.64,2177.84,-3699.9999999989086,-0.016986424633069763
2024-03-12 12:00:00,2177.85,2182.06,2160.24,2169.8,-80399.99999999964,-0.3691731256658004
2024-03-12 16:00:00,2169.77,2169.95,2152.62,2165.77,-40300.000000002,-0.18573140381602515
2024-03-12 20:00:00,2165.79,2165.79,2150.63,2158.06,-77100.00000000036,-0.3559934803788023
2024-03-13 00:00:00,2157.36,2161.45,2155.78,2159.19,11300.000000001091,0.052361843507608974
2024-03-13 04:00:00,2159.2,2161.54,2157.24,2159.32,1300.0000000010914,0.00602077630964537
2024-03-13 08:00:00,2159.33,2161.54,2157.89,2158.25,-10700.000000001637,-0.04955263694126355
2024-03-13 12:00:00,2158.2,2166.33,2157.53,2163.58,53299.99999999927,0.2469593420595384
2024-03-13 16:00:00,2163.6,2174.71,2161.43,2173.63,100500.00000000182,0.46450789894527666
2024-03-13 20:00:00,2173.54,2179.89,2171.74,2173.86,2300.000000000182,0.010581377695384475
2024-03-14 00:00:00,2174.15,2176.58,2173.31,2176.24,23799.999999996544,0.10948267137715906
2024-03-14 04:00:00,2176.23,2176.96,2171.03,2171.76,-44799.999999995634,-0.20585964783293997
2024-03-14 08:00:00,2171.77,2171.98,2167.45,2169.63,-21300.00000000109,-0.09807713559509823
2024-03-14 12:00:00,2169.6,2172.0,2160.44,2162.81,-68200.00000000163,-0.31433931131115145
2024-03-14 16:00:00,2162.78,2167.25,2152.77,2158.66,-41500.00000000091,-0.19188000795261617
2024-03-14 20:00:00,2158.55,2165.03,2158.1,2161.48,28200.000000001637,0.13063659863064014
2024-03-15 00:00:00,2161.65,2163.13,2160.6,2162.69,12100.000000000364,0.055980161741020495
2024-03-15 04:00:00,2162.7,2165.99,2161.62,2164.48,17899.999999999636,0.08276729443423836
2024-03-15 08:00:00,2164.53,2170.09,2163.49,2169.07,45900.000000001455,0.21206017149615342
2024-03-15 12:00:00,2169.08,2172.73,2157.59,2161.84,-72300.00000000017,-0.333322576034889
2024-03-15 16:00:00,2161.82,2166.68,2156.57,2158.84,-30000.0,-0.1387706768308461
2024-03-15 20:00:00,2159.04,2160.63,2155.22,2155.65,-31900.000000000546,-0.14776454021604435
2024-03-18 00:00:00,2154.77,2157.52,2151.28,2156.61,9600.000000000364,0.04453413123652883
2024-03-18 04:00:00,2156.62,2156.62,2146.07,2147.35,-92600.00000000218,-0.4293775879737227
2024-03-18 08:00:00,2147.24,2154.45,2146.05,2153.55,62000.00000000273,0.2887279670291454
2024-03-18 12:00:00,2153.57,2163.62,2153.4,2159.11,55599.999999999454,0.2581783566669049
2024-03-18 16:00:00,2159.05,2161.32,2154.61,2159.95,8399.999999996908,0.03890491915647942
2024-03-18 20:00:00,2159.93,2161.2,2158.02,2159.93,-199.9999999998181,-0.000925947359886603
2024-03-19 00:00:00,2159.9,2162.8,2159.85,2160.63,7000.0000000027285,0.032408457681509795
2024-03-19 04:00:00,2160.62,2162.81,2158.54,2160.22,-4100.000000003092,-0.01897594683033521
2024-03-19 08:00:00,2160.23,2160.42,2147.13,2153.09,-71299.99999999654,-0.33005897547470076
2024-03-19 12:00:00,2153.11,2158.68,2150.79,2156.95,38599.999999996726,0.1792772248256913
2024-03-19 16:00:00,2156.92,2158.7,2148.37,2154.51,-24399.999999996,-0.11312269639999206
2024-03-19 20:00:00,2154.52,2158.5,2154.32,2157.26,27500.0,0.1276392311940988
2024-03-20 00:00:00,2157.4,2159.6,2155.22,2157.14,-1200.000000003456,-0.005562611831688713
2024-03-20 04:00:00,2157.17,2160.23,2156.55,2156.89,-2500.0,-0.011589419323732031
2024-03-20 08:00:00,2156.87,2159.51,2154.54,2156.18,-7100.000000000364,-0.03291776585732098
2024-03-20 12:00:00,2156.17,2156.17,2149.62,2153.16,-30199.999999999818,-0.1400625179715953
2024-03-20 16:00:00,2153.23,2164.88,2150.5,2157.71,45500.00000000182,0.2113173196604201
2024-03-20 20:00:00,2157.7,2188.82,2156.51,2185.98,282699.9999999998,1.3101853353787218
2024-03-21 00:00:00,2186.5,2222.8,2186.24,2198.97,129899.99999999782,0.5942414843685517
2024-03-21 04:00:00,2199.01,2212.48,2197.97,2203.26,42900.000000004184,0.19509133821746794
2024-03-21 08:00:00,2203.26,2210.21,2196.85,2201.51,-17500.0,-0.07942775705092053
2024-03-21 12:00:00,2201.53,2211.78,2199.94,2207.7,61899.999999996,0.2811706510531309
2024-03-21 16:00:00,2207.7,2208.1,2166.44,2179.89,-278099.9999999995,-1.2596820220138527
2024-03-21 20:00:00,2179.91,2184.05,2178.57,2181.02,11300.000000001091,0.05183747803789718
2024-03-22 00:00:00,2180.98,2185.67,2180.69,2184.98,39600.000000000364,0.18156642304976156
2024-03-22 04:00:00,2184.98,2185.92,2171.8,2173.58,-114000.0000000009,-0.521743906122718
2024-03-22 08:00:00,2173.57,2176.31,2162.55,2167.95,-56300.00000000109,-0.2590196818152646
2024-03-22 12:00:00,2167.92,2176.23,2165.19,2174.53,65800.00000000381,0.30351253488321017
2024-03-22 16:00:00,2174.55,2180.15,2161.64,2162.63,-119000.0000000009,-0.5472446919564278
2024-03-22 20:00:00,2162.66,2167.18,2157.1,2165.09,24600.000000000364,0.11375038725995879
2024-03-25 00:00:00,2163.43,2169.42,2163.36,2165.53,4400.000000000546,0.02032248082066701
2024-03-25 04:00:00,2165.5,2178.33,2163.95,2169.38,38499.99999999909,0.17778557674101858
2024-03-25 08:00:00,2169.39,2171.03,2163.55,2165.72,-36600.00000000309,-0.16871179784087031
2024-03-25 12:00:00,2165.73,2177.06,2164.37,2174.51,87900.00000000419,0.4058696415049301
2024-03-25 16:00:00,2174.53,2181.28,2172.98,2175.8,12899.999999999636,0.059323709709313555
2024-03-25 20:00:00,2175.79,2176.65,2170.68,2171.92,-38800.00000000109,-0.17832521371450305
2024-03-26 00:00:00,2171.53,2174.5,2171.03,2173.86,19400.000000000546,0.08932189030903537
2024-03-26 04:00:00,2173.89,2174.23,2167.63,2172.28,-15799.999999999272,-0.07268177343526805
2024-03-26 08:00:00,2172.21,2179.26,2169.57,2178.32,60399.999999999636,0.27804887031137593
2024-03-26 12:00:00,2178.31,2200.09,2178.31,2187.91,95899.99999999691,0.4402475302067499
2024-03-26 16:00:00,2188.01,2192.91,2171.67,2176.8,-111099.99999999673,-0.5077905398302329
2024-03-26 20:00:00,2176.8,2179.81,2174.72,2179.73,29299.999999998363,0.13460124954061126
2024-03-27 00:00:00,2177.51,2180.14,2176.47,2177.41,-23200.000000001637,-0.10643520069000267
2024-03-27 04:00:00,2177.36,2181.68,2173.46,2178.38,9700.000000002547,0.044548339541017334
2024-03-27 08:00:00,2178.37,2182.68,2175.71,2177.38,-10000.0,-0.045905673023072247
2024-03-27 12:00:00,2177.35,2197.63,2176.54,2186.1,87199.99999999799,0.40048131240297824
2024-03-27 16:00:00,2186.11,2195.21,2183.56,2192.46,63600.00000000127,0.2909290517359775
2024-03-27 20:00:00,2192.43,2195.21,2189.06,2194.49,20299.999999997453,0.09259005865556169
2024-03-28 00:00:00,2194.23,2194.34,2187.36,2189.01,-54799.999999995634,-0.24971633500264767
2024-03-28 04:00:00,2189.07,2196.85,2187.55,2195.56,65499.99999999727,0.29922202274086374
2024-03-28 08:00:00,2195.57,2200.65,2190.84,2194.78,-7799.999999997453,-0.03552624387398451
2024-03-28 12:00:00,2194.81,2216.95,2192.43,2215.67,208899.99999999872,0.951803825440356
2024-03-28 16:00:00,2215.68,2225.56,2202.24,2220.31,46399.99999999873,0.20941746740263945
2024-03-28 20:00:00,2220.36,2236.15,2216.75,2231.73,114200.00000000073,0.5143425918002542
2024-04-01 00:00:00,2237.21,2256.37,2234.57,2250.04,183099.99999999945,0.820439748535895
2024-04-01 04:00:00,2250.04,2265.63,2250.04,2260.31,102699.99999999983,0.456436330020793
2024-04-01 08:00:00,2260.3,2263.34,2255.75,2257.23,-30799.999999999272,-0.13626449469320567
2024-04-01 12:00:00,2257.23,2258.34,2243.54,2252.59,-46399.99999999873,-0.20556168401092423
2024-04-01 16:00:00,2252.53,2257.89,2228.5,2238.04,-145500.0000000018,-0.6459231373663332
2024-04-01 20:00:00,2238.06,2252.26,2234.69,2251.43,133899.99999999872,0.5982913620846686
2024-04-02 00:00:00,2250.78,2255.84,2247.84,2250.36,-10699.99999999709,-0.04752535055496665
2024-04-02 04:00:00,2250.25,2259.84,2246.68,2256.63,62699.99999999982,0.2786220871327183
2024-04-02 08:00:00,2256.64,2262.81,2252.21,2261.06,44299.99999999836,0.19631042749586047
2024-04-02 12:00:00,2261.06,2265.24,2253.33,2257.6,-34600.000000000364,-0.15302557207681478
2024-04-02 16:00:00,2257.59,2276.97,2250.76,2260.3,27000.00000000273,0.11959603118356643
2024-04-02 20:00:00,2260.33,2280.98,2259.51,2280.97,206699.9999999962,0.9144803787107803
2024-04-03 00:00:00,2279.57,2288.26,2277.79,2283.13,21600.000000003092,0.09469655453602233
2024-04-03 04:00:00,2283.2,2287.92,2276.7,2283.67,5399.999999999636,0.023651741249941516
2024-04-03 08:00:00,2283.7,2285.98,2267.68,2273.21,-104600.00000000036,-0.4580346547443437
2024-04-03 12:00:00,2273.2,2275.15,2265.4,2274.91,16999.99999999818,0.07478411585377653
2024-04-03 16:00:00,2274.85,2295.18,2271.67,2293.99,190799.99999999927,0.8387144985955386
2024-04-03 20:00:00,2293.82,2301.08,2288.92,2300.35,63600.00000000127,0.2772461954934524
2024-04-04 00:00:00,2300.08,2302.57,2296.26,2302.18,18299.999999999272,0.07955311148302169
2024-04-04 04:00:00,2302.28,2304.87,2297.49,2298.87,-33099.999999999454,-0.14377676810675144
2024-04-04 08:00:00,2298.82,2300.69,2291.03,2291.61,-72599.99999999764,-0.31580733142804185
2024-04-04 12:00:00,2291.58,2295.17,2282.78,2288.17,-34400.000000000546,-0.15011280278930395
2024-04-04 16:00:00,2288.24,2299.38,2284.72,2286.83,-13400.000000001455,-0.0585620823627675
2024-04-04 20:00:00,2286.82,2305.62,2279.9,2290.9,40700.00000000164,0.1779756256477416
2024-04-05 00:00:00,2289.72,2293.33,2282.82,2283.08,-78200.00000000163,-0.34135056091493254
2024-04-05 04:00:00,2283.08,2284.13,2267.72,2278.02,-50599.999999999454,-0.22163042906949704
2024-04-05 08:00:00,2278.02,2291.78,2276.6,2288.03,100100.00000000218,0.43941668642066833
2024-04-05 12:00:00,2288.04,2296.13,2280.35,2290.87,28399.999999996908,0.12412424662262556
2024-04-05 16:00:00,2290.85,2329.47,2287.0,2327.16,362899.99999999965,1.5841143321096318
2024-04-05 20:00:00,2327.27,2330.47,2320.68,2329.08,19200.000000000728,0.08250399628733085
2024-04-08 00:00:00,2323.04,2328.23,2303.85,2306.19,-228899.99999999872,-0.9827914884847133
2024-04-08 04:00:00,2306.12,2353.84,2302.89,2342.13,359400.0000000005,1.5584145278576322
2024-04-08 08:00:00,2342.15,2343.72,2331.74,2336.28,-58499.99999999909,-0.24977264285073186
2024-04-08 12:00:00,2336.29,2343.57,2322.72,2329.01,-72699.99999999983,-0.3111784546372842
2024-04-08 16:00:00,2329.1,2335.69,2318.72,2328.55,-4600.000000000364,-0.01975088127573743
2024-04-08 20:00:00,2328.56,2342.02,2327.6,2339.12,105699.99999999709,0.45393055764315626
2024-04-09 00:00:00,2338.59,2341.68,2336.96,2340.8,16800.00000000291,0.07182188173331383
2024-04-09 04:00:00,2340.77,2348.42,2337.79,2344.2,33999.99999999636,0.1452494873547261
2024-04-09 08:00:00,2344.25,2359.28,2343.07,2357.56,133600.00000000128,0.5699172425561061
2024-04-09 12:00:00,2357.69,2365.32,2345.74,2349.37,-81900.00000000055,-0.3473930674086745
2024-04-09 16:00:00,2349.36,2364.21,2338.26,2345.0,-43699.99999999891,-0.18600731259869052
2024-04-09 20:00:00,2345.01,2354.56,2341.95,2352.46,74600.00000000036,0.3181236673774013
2024-04-10 00:00:00,2353.06,2355.55,2350.49,2351.57,-8899.999999998727,-0.03783273679467403
2024-04-10 04:00:00,2351.57,2356.76,2344.7,2356.21,46399.99999999873,0.19731498530768388
2024-04-10 08:00:00,2356.15,2360.12,2352.37,2354.5,-17100.000000000364,-0.07257417632554608
2024-04-10 12:00:00,2354.51,2354.8,2327.81,2338.41,-160900.00000000146,-0.6833722658738606
2024-04-10 16:00:00,2338.44,2352.32,2319.39,2337.24,-11700.000000000728,-0.050033997459819624
2024-04-10 20:00:00,2337.24,2345.22,2325.81,2334.02,-32199.999999998,-0.1377693347709208
2024-04-11 00:00:00,2331.92,2337.17,2331.92,2335.21,11900.000000000546,0.050984995844083336
2024-04-11 04:00:00,2335.12,2346.8,2334.03,2342.89,76799.99999999837,0.3288783449882482
2024-04-11 08:00:00,2342.96,2344.56,2325.72,2327.98,-149099.99999999854,-0.636393513993394
2024-04-11 12:00:00,2327.97,2344.32,2327.96,2341.42,134400.00000000055,0.577324547461755
2024-04-11 16:00:00,2341.4,2350.77,2332.36,2349.8,83800.00000000109,0.35790246944162885
2024-04-11 20:00:00,2349.79,2377.67,2348.15,2372.13,223299.99999999927,0.95029364201209
2024-04-12 00:00:00,2371.34,2379.59,2370.44,2378.72,65899.99999999691,0.27780939493196044
2024-04-12 04:00:00,2378.72,2395.44,2378.71,2384.22,55000.0,0.23121678886124375
2024-04-12 08:00:00,2384.22,2400.62,2383.4,2396.73,125100.00000000218,0.5246999018547083
2024-04-12 12:00:00,2396.74,2400.42,2390.4,2395.88,-8499.99999999909,-0.03546498771241913
2024-04-12 16:00:00,2395.96,2431.46,2360.78,2369.22,-266600.0000000031,-1.1127435430823063
2024-04-12 20:00:00,2369.27,2372.99,2333.8,2343.39,-258299.99999999927,-1.0902322283283028
2024-04-15 00:00:00,2351.67,2372.53,2346.9,2353.23,98400.00000000146,0.41990449733080304
2024-04-15 04:00:00,2353.28,2364.67,2348.31,2356.62,33899.99999999873,0.1440573169643411
2024-04-15 08:00:00,2356.53,2362.45,2344.84,2351.67,-49499.99999999818,-0.2100465921531569
2024-04-15 12:00:00,2351.68,2361.28,2346.39,2357.36,56900.000000000546,0.24195571657588122
2024-04-15 16:00:00,2357.43,2361.11,2324.24,2357.2,-1600.0000000030923,-0.0067872535378654675
2024-04-15 20:00:00,2357.19,2387.61,2354.08,2382.81,256100.00000000128,1.0864585100967217
2024-04-16 00:00:00,2381.22,2392.19,2380.16,2383.6,7899.999999999636,0.033154133145307796
2024-04-16 04:00:00,2383.49,2389.3,2379.34,2386.11,25100.000000002183,0.1053029031716779
2024-04-16 08:00:00,2386.14,2389.06,2363.0,2369.44,-166700.00000000073,-0.6986266349833015
2024-04-16 12:00:00,2369.61,2378.21,2367.54,2376.23,67899.99999999964,0.28656560199877834
2024-04-16 16:00:00,2376.38,2398.29,2363.55,2397.5,212699.99999999983,0.8951153718284921
2024-04-16 20:00:00,2397.5,2397.67,2378.37,2382.83,-146700.00000000073,-0.6118873826903015
2024-04-17 00:00:00,2380.57,2387.01,2380.39,2384.44,16100.000000001273,0.06756671688705751
2024-04-17 04:00:00,2384.5,2386.24,2380.27,2381.99,-24500.00000000273,-0.10274949254333032
2024-04-17 08:00:00,2381.95,2393.63,2372.71,2392.96,109700.00000000255,0.4605392969743827
2024-04-17 12:00:00,2392.98,2394.31,2378.35,2383.36,-95999.9999999991,-0.40117678523668987
2024-04-17 16:00:00,2383.3,2395.59,2361.07,2372.4,-109600.00000000036,-0.45985499462942725
2024-04-17 20:00:00,2372.38,2379.12,2354.68,2359.91,-124900.00000000236,-0.5264710841342168
2024-04-18 00:00:00,2361.24,2370.09,2360.57,2369.77,98600.00000000128,0.41781254369870346
2024-04-18 04:00:00,2369.77,2376.52,2364.03,2375.11,53400.000000001455,0.2253383239723794
2024-04-18 08:00:00,2375.24,2381.01,2373.79,2380.01,49000.00000000091,0.20630623423758543
2024-04-18 12:00:00,2380.03,2387.46,2377.24,2385.49,54799.999999995634,0.2302511333985846
2024-04-18 16:00:00,2385.48,2392.84,2369.52,2387.97,24800.000000000182,0.1039618694691713
2024-04-18 20:00:00,2387.98,2389.29,2376.91,2379.21,-87599.99999999764,-0.36683877938163967
2024-04-19 00:00:00,2378.32,2381.47,2373.77,2379.44,2300.000000000182,0.00966707436502734
2024-04-19 04:00:00,2379.43,2417.88,2378.8,2383.59,41500.00000000091,0.17441078573110502
2024-04-19 08:00:00,2383.67,2393.86,2378.01,2384.23,6399.999999998727,0.02685025528719187
2024-04-19 12:00:00,2384.23,2386.13,2372.83,2381.5,-27300.000000000182,-0.11450237602915747
2024-04-19 16:00:00,2381.44,2399.65,2373.07,2399.65,181500.0000000009,0.7621247113164031
2024-04-19 20:00:00,2399.66,2401.93,2386.65,2391.86,-77899.99999999964,-0.324630675306814
2024-04-22 00:00:00,2386.9,2388.84,2381.11,2382.21,-96500.0000000009,-0.4034517070397148
2024-04-22 04:00:00,2382.2,2384.25,2362.04,2369.69,-125199.99999999983,-0.5255623979414037
2024-04-22 08:00:00,2369.99,2370.48,2351.51,2359.58,-101100.00000000128,-0.42663808346239396
2024-04-22 12:00:00,2359.57,2363.66,2333.14,2336.85,-227300.00000000017,-0.9633070292170642
2024-04-22 16:00:00,2336.85,2343.82,2328.99,2329.86,-69899.99999999782,-0.2991206110790068
2024-04-22 20:00:00,2329.83,2334.83,2324.58,2326.78,-30799.999999999272,-0.13219678435614224
2024-04-23 00:00:00,2327.1,2333.96,2326.93,2332.66,58799.999999996544,0.25270975339308777
2024-04-23 04:00:00,2332.62,2334.43,2295.57,2305.59,-270699.9999999971,-1.1604777378614872
2024-04-23 08:00:00,2305.58,2314.78,2298.85,2303.23,-23600.000000001273,-0.1023599165506539
2024-04-23 12:00:00,2303.25,2313.62,2291.39,2311.91,86799.99999999837,0.3768620589346128
2024-04-23 16:00:00,2311.89,2332.16,2309.53,2330.33,184200.00000000073,0.7967438178821951
2024-04-23 20:00:00,2330.32,2331.32,2321.26,2321.79,-85399.99999999964,-0.3664717014328467
2024-04-24 00:00:00,2320.95,2324.31,2320.76,2320.9,-8899.999999998727,-0.03833249346408829
2024-04-24 04:00:00,2320.92,2330.12,2315.78,2326.65,57500.0,0.24774871816968247
2024-04-24 08:00:00,2326.63,2331.31,2316.2,2319.2,-74500.00000000274,-0.32020286678272614
2024-04-24 12:00:00,2319.21,2323.53,2311.8,2323.3,41000.00000000364,0.17678509830978406
2024-04-24 16:00:00,2323.29,2337.3,2316.14,2325.06,17599.999999997635,0.07575431498298979
2024-04-24 20:00:00,2325.13,2330.52,2313.66,2315.75,-93099.99999999945,-0.4004197741133586
2024-04-25 00:00:00,2314.06,2319.42,2314.06,2319.22,34699.999999998,0.14984346324085074
2024-04-25 04:00:00,2319.21,2322.09,2305.01,2315.34,-38799.999999996544,-0.167297625925944
2024-04-25 08:00:00,2315.46,2328.88,2314.5,2326.91,115699.99999999709,0.499710625653238
2024-04-25 12:00:00,2326.89,2334.74,2323.3,2330.72,38099.999999999454,0.16373645736189602
2024-04-25 16:00:00,2330.88,2344.83,2312.83,2328.71,-20099.999999997635,-0.08623944532161198
2024-04-25 20:00:00,2328.72,2336.45,2326.31,2331.75,30399.999999999636,0.13054437864741253
2024-04-26 00:00:00,2330.71,2333.45,2328.76,2329.9,-18499.99999999909,-0.07933955183874186
2024-04-26 04:00:00,2329.85,2338.18,2326.33,2335.98,60799.99999999927,0.26095540581141385
2024-04-26 08:00:00,2335.95,2350.2,2333.97,2347.07,110900.00000000146,0.47474721530149644
2024-04-26 12:00:00,2347.07,2352.53,2340.64,2344.81,-22600.000000002183,-0.0962902682919653
2024-04-26 16:00:00,2344.8,2350.37,2328.7,2333.64,-111700.00000000073,-0.4763712198429748
2024-04-26 20:00:00,2333.61,2341.4,2332.71,2337.72,40799.99999999927,0.17483416465264856
2024-04-29 00:00:00,2333.49,2337.12,2330.67,2332.12,-55999.99999999909,-0.23954964666427214
2024-04-29 04:00:00,2332.1,2333.28,2319.85,2332.67,5500.000000001819,0.023583692091322384
2024-04-29 08:00:00,2332.64,2341.25,2327.49,2338.08,54099.999999998545,0.23192307527424294
2024-04-29 12:00:00,2338.13,2344.35,2328.31,2331.98,-60999.99999999909,-0.260897830698692
2024-04-29 16:00:00,2331.87,2346.74,2325.61,2342.78,108000.00000000182,0.4631257557955015
2024-04-29 20:00:00,2342.9,2346.66,2332.99,2335.5,-72800.00000000201,-0.31074193906385217
2024-04-30 00:00:00,2334.71,2336.34,2331.76,2334.03,-14699.999999998,-0.06294155427102321
2024-04-30 04:00:00,2334.01,2336.18,2324.98,2326.47,-75600.000000004,-0.3239032917314866
2024-04-30 08:00:00,2326.5,2327.01,2310.67,2312.89,-135799.99999999927,-0.5837169617489146
2024-04-30 12:00:00,2312.95,2318.04,2304.64,2306.08,-68099.99999999945,-0.2944368301129763
2024-04-30 16:00:00,2306.06,2313.3,2293.19,2294.68,-114000.0000000009,-0.49434538264067074
2024-04-30 20:00:00,2294.72,2297.5,2285.14,2285.43,-92500.0,-0.4031063154775416
2024-05-01 00:00:00,2285.61,2293.25,2284.85,2286.93,15000.0,0.0656331631246676
2024-05-01 04:00:00,2286.86,2289.52,2281.62,2283.27,-36599.999999998545,-0.16003987878946413
2024-05-01 08:00:00,2283.23,2289.79,2282.55,2286.31,30399.999999999636,0.13314237913168991
2024-05-01 12:00:00,2286.3,2300.02,2285.79,2298.29,119800.00000000017,0.5239884355140001
2024-05-01 16:00:00,2298.26,2310.48,2295.23,2303.76,54700.00000000255,0.23800303704060166
2024-05-01 20:00:00,2303.76,2328.39,2295.48,2319.19,154299.99999999837,0.6697746293016671
2024-05-02 00:00:00,2318.96,2326.01,2317.85,2324.42,52300.00000000018,0.22550976849675664
2024-05-02 04:00:00,2324.4,2326.41,2317.41,2318.19,-62300.00000000018,-0.26802385111124316
2024-05-02 08:00:00,2318.1,2319.09,2303.03,2304.04,-141500.0000000009,-0.6103900025450915
2024-05-02 12:00:00,2304.06,2305.43,2293.53,2294.52,-95199.99999999983,-0.4131872710543161
2024-05-02 16:00:00,2294.49,2306.95,2285.49,2299.62,50999.99999999909,0.2222687097955145
2024-05-02 20:00:00,2299.62,2309.45,2299.31,2303.48,38600.00000000127,0.16785381932666876
2024-05-03 00:00:00,2303.74,2305.7,2300.32,2304.01,5300.000000002001,0.023008665150126006
2024-05-03 04:00:00,2303.98,2308.02,2299.87,2307.37,33599.999999996726,0.1458327003788895
2024-05-03 08:00:00,2307.39,2308.76,2297.73,2301.39,-59800.00000000018,-0.25916953067778303
2024-05-03 12:00:00,2301.31,2320.59,2294.63,2304.77,33800.00000000109,0.1468677625261261
2024-05-03 16:00:00,2304.74,2308.97,2277.22,2299.26,-55099.999999997635,-0.23906940822727707
2024-05-03 20:00:00,2299.26,2303.44,2296.06,2301.55,22899.999999999636,0.09959726172767969
2024-05-06 00:00:00,2303.57,2306.09,2291.84,2296.01,-55399.999999999636,-0.24070734939497518
2024-05-06 04:00:00,2296.0,2315.35,2295.81,2309.23,132199.999999998,0.5757814643664316
2024-05-06 08:00:00,2309.13,2324.24,2308.71,2318.22,89899.99999999782,0.3893072582635604
2024-05-06 12:00:00,2318.23,2330.31,2314.6,2323.29,50700.00000000164,0.21870228019773563
2024-05-06 16:00:00,2323.18,2332.16,2317.66,2325.64,23499.99999999909,0.10114966276271176
2024-05-06 20:00:00,2325.66,2328.82,2321.03,2323.72,-19200.000000000728,-0.0825579195404269
2024-05-07 00:00:00,2323.33,2329.5,2322.08,2329.26,55400.000000004184,0.2384108240235605
2024-05-07 04:00:00,2329.12,2329.87,2319.64,2322.67,-65900.00000000146,-0.28292247323185027
2024-05-07 08:00:00,2322.65,2323.29,2311.63,2315.73,-69400.00000000055,-0.29879406028406885
2024-05-07 12:00:00,2315.67,2317.39,2309.95,2316.12,3899.9999999987267,0.016841341607176652
2024-05-07 16:00:00,2316.09,2323.65,2312.44,2312.51,-36099.999999996726,-0.15586411757593233
2024-05-07 20:00:00,2312.64,2317.42,2311.07,2313.94,14299.999999998363,0.06183757043212168
2024-05-08 00:00:00,2312.99,2316.87,2312.86,2314.18,2399.999999997817,0.010371919755902681
2024-05-08 04:00:00,2314.19,2319.34,2307.01,2319.28,51000.00000000364,0.22038043713108468
2024-05-08 08:00:00,2319.3,2321.44,2303.69,2307.35,-119300.00000000291,-0.5143837742747848
2024-05-08 12:00:00,2307.31,2318.96,2307.05,2314.57,72200.00000000255,0.31291308210719126
2024-05-08 16:00:00,2314.46,2321.11,2306.87,2317.07,25000.0,0.10801142328813462
2024-05-08 20:00:00,2317.12,2317.55,2307.91,2308.05,-90199.99999999983,-0.38928474323175477
2024-05-09 00:00:00,2308.36,2310.97,2307.89,2309.2,11499.999999996362,0.04982561036370736
2024-05-09 04:00:00,2309.26,2315.27,2307.9,2314.51,53100.000000004,0.22994976615280383
2024-05-09 08:00:00,2314.57,2319.78,2307.53,2310.45,-40600.000000004,-0.17541509866021432
2024-05-09 12:00:00,2310.37,2329.3,2306.66,2326.72,162699.99999999983,0.7041918241035283
2024-05-09 16:00:00,2326.72,2338.83,2312.18,2329.78,30600.000000004,0.13151560995738887
2024-05-09 20:00:00,2329.77,2347.23,2329.33,2346.04,162599.99999999764,0.6979199752766174
2024-05-10 00:00:00,2345.93,2348.97,2345.19,2347.59,15500.000000001819,0.06606877973096559
2024-05-10 04:00:00,2347.66,2355.86,2347.18,2354.0,64099.999999998545,0.2730459748081948
2024-05-10 08:00:00,2353.98,2372.15,2353.77,2369.59,155900.00000000146,0.662276975361098
2024-05-10 12:00:00,2369.62,2378.4,2361.78,2364.85,-47400.000000002365,-0.2000346051426738
2024-05-10 16:00:00,2364.83,2372.98,2356.61,2368.28,34300.00000000291,0.1450409116857454
2024-05-10 20:00:00,2368.31,2370.88,2359.74,2360.29,-79900.00000000236,-0.3373756481497181
2024-05-13 00:00:00,2361.2,2364.47,2359.73,2363.99,36999.99999999818,0.15676039808667497
2024-05-13 04:00:00,2363.99,2364.13,2354.15,2354.33,-96599.99999999854,-0.4086311701826051
2024-05-13 08:00:00,2354.31,2355.07,2341.63,2343.25,-110799.99999999927,-0.4706222152374484
2024-05-13 12:00:00,2343.26,2349.76,2338.41,2347.16,39099.999999998545,0.16686226394964088
2024-05-13 16:00:00,2347.16,2349.41,2332.2,2336.73,-104299.99999999837,-0.44436680925031835
2024-05-13 20:00:00,2336.72,2338.46,2334.5,2336.34,-3899.9999999987267,-0.016689989857621157
2024-05-14 00:00:00,2335.12,2339.78,2334.79,2336.4,599.9999999994543,0.0025681193661863944
2024-05-14 04:00:00,2336.37,2344.91,2336.36,2344.09,76900.00000000055,0.32913884608800625
2024-05-14 08:00:00,2344.03,2345.85,2336.04,2343.78,-3099.9999999994543,-0.013224748196527525
2024-05-14 12:00:00,2343.77,2350.25,2336.77,2348.19,44099.999999998545,0.18815759158281598
2024-05-14 16:00:00,2348.26,2357.05,2344.95,2354.19,60000.0,0.2555159505832183
2024-05-14 20:00:00,2354.21,2359.64,2352.01,2357.92,37300.00000000018,0.15844090748835526
2024-05-15 00:00:00,2357.18,2358.2,2354.94,2355.84,-20799.999999999272,-0.08821334057135255
2024-05-15 04:00:00,2355.87,2360.95,2354.87,2356.99,11499.999999996362,0.04881486009236102
2024-05-15 08:00:00,2357.01,2374.25,2355.61,2373.22,162300.00000000017,0.6885901085706747
2024-05-15 12:00:00,2373.34,2378.9,2358.43,2372.57,-6499.999999996362,-0.02738894834863892
2024-05-15 16:00:00,2372.54,2386.74,2351.82,2383.67,110999.9999999991,0.4678471025090891
2024-05-15 20:00:00,2383.71,2390.22,2383.56,2385.78,21100.000000001273,0.08851896445398744
2024-05-16 00:00:00,2385.65,2395.16,2384.34,2395.02,92399.99999999782,0.3872947212232303
2024-05-16 04:00:00,2395.04,2397.32,2386.54,2391.36,-36599.999999998545,-0.15281709547310118
2024-05-16 08:00:00,2391.38,2394.44,2384.79,2386.0,-53600.00000000127,-0.22414023819082862
2024-05-16 12:00:00,2385.99,2387.74,2378.06,2379.13,-68699.99999999891,-0.2879295892707412
2024-05-16 16:00:00,2379.12,2383.74,2370.94,2381.94,28099.999999999454,0.11811040170146558
2024-05-16 20:00:00,2381.99,2382.41,2375.86,2376.45,-54900.000000002365,-0.2304843950729385
2024-05-17 00:00:00,2376.37,2379.74,2376.28,2378.04,15900.000000001455,0.06690652022975918
2024-05-17 04:00:00,2378.13,2381.22,2373.95,2378.85,8099.999999999454,0.03406166422768031
2024-05-17 08:00:00,2378.74,2387.8,2378.59,2384.23,53800.00000000109,0.22615969901422783
2024-05-17 12:00:00,2384.24,2394.01,2381.7,2393.28,90500.00000000182,0.37957747364978367
2024-05-17 16:00:00,2393.35,2419.12,2393.34,2407.81,145299.99999999744,0.6071165931274214
2024-05-17 20:00:00,2407.84,2422.7,2405.72,2415.14,73299.99999999927,0.30442601368048106
2024-05-20 00:00:00,2412.5,2426.5,2412.48,2425.43,102899.99999999964,0.4260622572604511
2024-05-20 04:00:00,2425.45,2440.6,2425.45,2437.34,119100.00000000309,0.4910469483761837
2024-05-20 08:00:00,2437.32,2450.05,2431.91,2440.09,27500.0,0.11282791896083388
2024-05-20 12:00:00,2440.1,2447.12,2407.32,2413.85,-262400.0000000024,-1.075370170772394
2024-05-20 16:00:00,2413.39,2428.05,2410.39,2426.56,127100.00000000036,0.5265447314456217
2024-05-20 20:00:00,2426.56,2437.29,2423.33,2425.88,-6799.999999998363,-0.02802320981141193
2024-05-21 00:00:00,2426.51,2430.52,2424.33,2428.85,29699.999999998,0.12242979867098658
2024-05-21 04:00:00,2428.79,2433.08,2406.15,2412.39,-164600.00000000035,-0.6776869712003641
2024-05-21 08:00:00,2412.39,2422.17,2408.5,2418.77,63800.00000000109,0.2644680171945746
2024-05-21 12:00:00,2418.7,2429.94,2412.13,2426.27,75000.0,0.31007495545256614
2024-05-21 16:00:00,2426.33,2433.88,2418.02,2422.84,-34299.99999999836,-0.14136926228325297
2024-05-21 20:00:00,2422.87,2424.99,2417.31,2420.5,-23400.000000001455,-0.09658087203447963
2024-05-22 00:00:00,2420.94,2423.18,2420.41,2420.6,999.9999999990905,0.004131377814498016
2024-05-22 04:00:00,2420.62,2426.46,2412.14,2412.9,-76999.99999999818,-0.31810294968188657
2024-05-22 08:00:00,2412.85,2418.45,2410.62,2416.88,39800.00000000018,0.16494674458120695
2024-05-22 12:00:00,2417.07,2419.39,2404.76,2412.49,-43900.000000003274,-0.18163913806230614
2024-05-22 16:00:00,2412.47,2413.31,2382.23,2391.98,-205099.99999999764,-0.8501589643894802
2024-05-22 20:00:00,2391.97,2394.37,2375.0,2378.19,-137899.99999999965,-0.5765098370387745
2024-05-23 00:00:00,2379.86,2383.73,2377.71,2380.37,21799.999999998363,0.09166635130077871
2024-05-23 04:00:00,2380.34,2381.94,2366.73,2372.83,-75399.99999999964,-0.31675747887933703
2024-05-23 08:00:00,2372.82,2373.17,2354.91,2360.48,-123499.9999999991,-0.5204755502922653
2024-05-23 12:00:00,2360.54,2369.45,2358.78,2362.72,22399.999999997817,0.09489595336540368
2024-05-23 16:00:00,2362.79,2369.87,2340.03,2340.99,-217300.00000000017,-0.9197027155143256
2024-05-23 20:00:00,2340.99,2342.96,2327.0,2328.61,-123799.99999999654,-0.5288360907137468
2024-05-24 00:00:00,2327.22,2333.67,2327.22,2329.09,4800.000000000182,0.02061315548760323
2024-05-24 04:00:00,2329.03,2335.22,2325.39,2335.07,59800.00000000018,0.2567526372961204
2024-05-24 08:00:00,2334.85,2341.01,2333.21,2340.18,51099.999999996726,0.2188371226558461
2024-05-24 12:00:00,2340.15,2343.9,2336.03,2339.35,-8299.999999999272,-0.035467357211838024
2024-05-24 16:00:00,2339.36,2347.39,2332.4,2334.26,-50899.99999999691,-0.21758180691215934
2024-05-24 20:00:00,2334.25,2336.77,2331.92,2333.74,-5200.000000004366,-0.02227686718705435
2024-05-27 00:00:00,2333.53,2340.72,2332.32,2336.21,24700.000000002547,0.10583869668430168
2024-05-27 04:00:00,2336.19,2347.59,2334.6,2343.01,68000.00000000182,0.29106972404022713
2024-05-27 08:00:00,2342.94,2346.2,2338.14,2344.24,12299.999999995634,0.05249657491857018
2024-05-27 12:00:00,2344.14,2349.84,2342.39,2347.21,29700.000000002547,0.12669351260963246
2024-05-27 16:00:00,2347.23,2358.52,2344.61,2354.96,77500.0,0.3301792340693943
2024-05-27 20:00:00,2354.97,2355.07,2353.44,2353.8,-11599.999999998545,-0.049257736861763046
2024-05-28 00:00:00,2350.73,2353.92,2350.64,2351.78,-20199.999999999818,-0.08581867618319139
2024-05-28 04:00:00,2351.77,2356.37,2349.18,2351.04,-7400.000000002365,-0.03146552823819482
2024-05-28 08:00:00,2351.05,2353.7,2340.32,2344.92,-61199.99999999891,-0.26031033074723764
2024-05-28 12:00:00,2344.93,2357.08,2342.29,2353.14,82199.99999999799,0.3505450079320349
2024-05-28 16:00:00,2353.16,2364.08,2347.93,2356.66,35199.99999999982,0.14958735986809746
2024-05-28 20:00:00,2356.65,2361.39,2352.82,2360.98,43200.00000000164,0.18331027810545297
2024-05-29 00:00:00,2360.71,2362.31,2357.35,2357.88,-30999.99999999909,-0.1313014087370501
2024-05-29 04:00:00,2357.88,2360.88,2354.38,2358.28,4000.0000000009095,0.016964391741747242
2024-05-29 08:00:00,2358.34,2361.3,2344.88,2345.42,-128600.00000000128,-0.5453126855165635
2024-05-29 12:00:00,2345.43,2347.3,2334.49,2337.63,-77899.99999999964,-0.332136674881256
2024-05-29 16:00:00,2337.77,2347.16,2335.93,2341.97,43399.99999999691,0.1856581238262489
2024-05-29 20:00:00,2341.89,2344.27,2335.98,2337.64,-43299.99999999927,-0.184887082242724
2024-05-30 00:00:00,2338.14,2339.22,2332.67,2336.97,-6700.000000000728,-0.028661384986572447
2024-05-30 04:00:00,2337.0,2339.87,2328.04,2335.29,-16799.999999998363,-0.07188795748339638
2024-05-30 08:00:00,2335.24,2337.72,2322.54,2335.0,-2899.999999999636,-0.012418157916149752
2024-05-30 12:00:00,2335.01,2345.23,2330.59,2341.32,63200.00000000164,0.27066381156317654
2024-05-30 16:00:00,2341.33,2351.8,2339.78,2347.91,65899.99999999691,0.2814651564074788
2024-05-30 20:00:00,2347.93,2348.85,2339.34,2343.04,-48699.99999999891,-0.2074185126346384
2024-05-31 00:00:00,2342.23,2347.56,2341.95,2346.36,33200.00000000164,0.1416962578530523
2024-05-31 04:00:00,2346.36,2347.73,2337.02,2344.14,-22200.000000002547,-0.09461463714008911
2024-05-31 08:00:00,2344.13,2347.06,2339.68,2343.24,-9000.00000000091,-0.03839361130307806
2024-05-31 12:00:00,2343.22,2356.76,2341.02,2354.8,115600.000000004,0.4933340161485944
2024-05-31 16:00:00,2354.81,2359.68,2327.7,2332.86,-219400.00000000055,-0.9317139459826707
2024-05-31 20:00:00,2332.85,2333.82,2320.6,2327.17,-56900.000000000546,-0.24390662105742145
2024-06-03 00:00:00,2325.51,2329.43,2323.35,2327.11,-599.9999999994543,-0.0025782388050732408
2024-06-03 04:00:00,2327.14,2331.03,2320.02,2321.3,-58099.999999999454,-0.2496658946074759
2024-06-03 08:00:00,2321.23,2328.81,2314.73,2325.53,42300.00000000018,0.18222547710333714
2024-06-03 12:00:00,2325.53,2334.35,2324.32,2334.04,85099.99999999764,0.36593808723170973
2024-06-03 16:00:00,2334.08,2349.88,2329.83,2349.13,150900.00000000146,0.6465184829737236
2024-06-03 20:00:00,2349.02,2354.74,2344.73,2350.52,13899.999999998727,0.05917084197126776
2024-06-04 00:00:00,2350.14,2352.82,2349.74,2350.6,799.9999999992724,0.0034035022037581797
2024-06-04 04:00:00,2350.63,2352.32,2343.19,2349.36,-12399.999999997817,-0.05275248872627092
2024-06-04 08:00:00,2349.35,2351.85,2332.33,2333.37,-159900.00000000236,-0.6806108897742469
2024-06-04 12:00:00,2333.29,2335.98,2325.38,2335.14,17699.999999999818,0.07585595083505758
2024-06-04 16:00:00,2335.25,2337.96,2315.61,2324.04,-110999.9999999991,-0.47534623191757275
2024-06-04 20:00:00,2323.96,2330.39,2323.79,2326.55,25100.000000002183,0.10800158344952404
2024-06-05 00:00:00,2325.95,2329.69,2325.95,2328.19,16399.999999998727,0.07049064064816868
2024-06-05 04:00:00,2328.2,2338.2,2325.87,2338.02,98299.99999999927,0.4222163998642614
2024-06-05 08:00:00,2338.02,2341.64,2328.08,2332.6,-54200.00000000073,-0.23182008708223512
2024-06-05 12:00:00,2332.71,2344.04,2329.38,2342.18,95799.99999999927,0.4107005058732627
2024-06-05 16:00:00,2342.0,2357.38,2334.0,2352.63,104500.00000000274,0.44616553808844994
2024-06-05 20:00:00,2352.64,2356.77,2351.66,2355.12,24899.999999997817,0.10583899720737477
2024-06-06 00:00:00,2355.35,2357.54,2354.55,2355.68,5599.999999999454,0.023777981589057084
2024-06-06 04:00:00,2355.67,2374.87,2355.51,2369.44,137600.00000000218,0.5841200842219729
2024-06-06 08:00:00,2369.45,2371.36,2359.78,2362.88,-65599.99999999945,-0.2768586670268025
2024-06-06 12:00:00,2362.98,2365.23,2355.19,2357.55,-53299.99999999927,-0.22557218309858795
2024-06-06 16:00:00,2357.6,2378.51,2353.44,2372.85,152999.99999999726,0.6489788127505225
2024-06-06 20:00:00,2372.84,2376.17,2368.93,2375.53,26800.00000000291,0.11294434962176858
2024-06-07 00:00:00,2375.26,2379.22,2375.1,2378.4,28699.99999999891,0.12081514440986929
2024-06-07 04:00:00,2378.52,2387.43,2369.42,2386.64,82399.99999999782,0.3464513958963966
2024-06-07 08:00:00,2386.64,2387.68,2342.57,2347.29,-393499.99999999907,-1.6487614386752836
2024-06-07 12:00:00,2347.33,2347.97,2313.71,2319.34,-279499.9999999982,-1.1907348474197832
2024-06-07 16:00:00,2319.29,2328.07,2302.96,2311.67,-76700.00000000073,-0.3306975260203404
2024-06-07 20:00:00,2311.65,2312.37,2286.76,2292.91,-187600.00000000218,-0.811534518335244
2024-06-10 00:00:00,2292.41,2300.1,2288.78,2297.07,41600.00000000309,0.18142883933518483
2024-06-10 04:00:00,2297.02,2301.45,2292.76,2294.84,-22300.000000000182,-0.09708019346384988
2024-06-10 08:00:00,2294.84,2297.53,2287.75,2292.63,-22100.000000000364,-0.09630301023164645
2024-06-10 12:00:00,2292.66,2308.61,2291.88,2306.18,135499.99999999726,0.5910242821562939
2024-06-10 16:00:00,2306.17,2313.75,2300.37,2312.95,67699.99999999983,0.29355904569461355
2024-06-10 20:00:00,2312.93,2313.37,2308.45,2310.48,-24699.999999998,-0.10679003004819831
2024-06-11 00:00:00,2311.76,2312.38,2308.78,2310.84,3600.0000000012733,0.015581177937051827
2024-06-11 04:00:00,2310.73,2310.73,2298.78,2303.58,-72600.00000000218,-0.31417147011477686
2024-06-11 08:00:00,2303.54,2307.74,2297.69,2306.0,24200.000000000728,0.10505387266777078
2024-06-11 12:00:00,2305.98,2319.95,2301.54,2317.98,119800.00000000017,0.5195143104943734
2024-06-11 16:00:00,2318.02,2319.56,2305.94,2308.58,-94000.0000000009,-0.405525500651438
2024-06-11 20:00:00,2308.63,2316.94,2307.94,2316.64,80599.99999999945,0.34913236708278284
2024-06-12 00:00:00,2316.49,2317.64,2313.47,2313.78,-28599.999999996726,-0.12345465847087844
2024-06-12 04:00:00,2313.77,2316.73,2310.69,2312.72,-10600.000000004002,-0.04581248001107596
2024-06-12 08:00:00,2312.73,2317.78,2310.84,2312.87,1500.0000000009095,0.006485869452421689
2024-06-12 12:00:00,2312.81,2337.67,2311.64,2336.0,231300.0000000011,1.0000562072230545
2024-06-12 16:00:00,2335.98,2341.63,2320.09,2337.7,16999.99999999818,0.07277397260272433
2024-06-12 20:00:00,2337.69,2339.57,2315.88,2324.3,-133999.99999999636,-0.5732129871240832
2024-06-13 00:00:00,2324.27,2325.04,2317.53,2320.77,-35300.000000002,-0.15187368239900634
2024-06-13 04:00:00,2320.82,2321.56,2308.15,2311.85,-89200.00000000073,-0.3843551924576749
2024-06-13 08:00:00,2311.86,2318.58,2309.05,2315.61,37600.00000000218,0.1626403097086948
2024-06-13 12:00:00,2315.6,2326.72,2303.94,2323.43,78199.99999999709,0.3377079905510838
2024-06-13 16:00:00,2323.39,2324.74,2295.52,2299.29,-241399.99999999872,-1.0389811614724742
2024-06-13 20:00:00,2299.37,2304.95,2299.05,2303.82,45300.000000002,0.19701734013544137
2024-06-14 00:00:00,2303.19,2305.74,2301.52,2304.94,11199.999999998909,0.048614909150890284
2024-06-14 04:00:00,2304.93,2308.67,2303.08,2305.98,10399.999999999636,0.04512048035958394
2024-06-14 08:00:00,2305.98,2321.67,2305.56,2317.41,114299.99999999837,0.4956677854968339
2024-06-14 12:00:00,2317.43,2336.62,2315.24,2330.33,129200.00000000073,0.5575189543499004
2024-06-14 16:00:00,2330.34,2335.47,2324.03,2328.81,-15199.999999999818,-0.06522681336977865
2024-06-14 20:00:00,2328.91,2335.58,2328.51,2332.53,37200.00000000255,0.15973823540780252
2024-06-17 00:00:00,2331.54,2332.26,2325.24,2326.38,-61500.00000000091,-0.26366220370156457
2024-06-17 04:00:00,2326.39,2328.97,2321.55,2323.68,-27000.00000000273,-0.11606014494623951
2024-06-17 08:00:00,2323.65,2323.67,2315.5,2321.36,-23199.99999999709,-0.0998416305170946
2024-06-17 12:00:00,2321.37,2322.68,2316.83,2319.63,-17300.000000000182,-0.07452527828514244
2024-06-17 16:00:00,2319.62,2327.59,2310.02,2316.97,-26600.000000003092,-0.11467346085368701
2024-06-17 20:00:00,2316.98,2320.78,2313.3,2318.85,18800.00000000109,0.08114045499079126
2024-06-18 00:00:00,2318.07,2325.57,2318.07,2324.09,52400.000000002365,0.22597408198030688
2024-06-18 04:00:00,2324.14,2325.7,2319.25,2322.56,-15300.000000002,-0.06583221820154472
2024-06-18 08:00:00,2322.54,2323.73,2310.77,2311.35,-112100.00000000036,-0.4826570680628306
2024-06-18 12:00:00,2311.34,2324.18,2306.59,2313.9,25500.00000000182,0.11032513466155969
2024-06-18 16:00:00,2313.93,2330.74,2313.7,2330.25,163499.9999999991,0.70659924802281
2024-06-18 20:00:00,2330.27,2333.14,2327.47,2329.23,-10199.999999999818,-0.043772127454133614
2024-06-19 00:00:00,2328.73,2330.43,2327.54,2329.52,2899.999999999636,0.012450466463165277
2024-06-19 04:00:00,2329.48,2331.76,2326.52,2328.01,-15099.999999997635,-0.0648202204745929
2024-06-19 08:00:00,2328.0,2334.97,2326.85,2332.55,45399.999999999636,0.19501634443150895
2024-06-19 12:00:00,2332.54,2332.87,2325.3,2328.38,-41700.00000000073,-0.17877430280165418
2024-06-19 16:00:00,2328.42,2331.44,2323.74,2329.38,10000.0,0.042948315996538255
2024-06-19 20:00:00,2329.39,2330.97,2329.23,2330.91,15299.999999997453,0.06568271385518631
2024-06-20 00:00:00,2327.86,2330.64,2327.73,2329.69,-12199.999999998,-0.052340073190293435
2024-06-20 04:00:00,2329.72,2340.9,2329.71,2340.44,107500.0,0.46143478316857944
2024-06-20 08:00:00,2340.48,2345.67,2332.66,2333.38,-70599.99999999945,-0.30165268069252127
2024-06-20 12:00:00,2333.33,2343.8,2331.61,2338.55,51700.00000000073,0.22156699723148154
2024-06-20 16:00:00,2338.51,2365.52,2336.67,2356.35,177999.99999999726,0.7611554168180934
2024-06-20 20:00:00,2356.37,2361.04,2354.61,2359.71,33600.00000000127,0.14259341778599666
2024-06-21 00:00:00,2359.53,2364.84,2358.19,2364.1,43899.99999999873,0.18603980997664582
2024-06-21 04:00:00,2364.08,2364.19,2357.08,2362.94,-11599.999999998545,-0.04906729833762391
2024-06-21 08:00:00,2362.9,2368.1,2355.14,2365.41,24699.999999998,0.10453079638077512
2024-06-21 12:00:00,2365.39,2368.69,2360.45,2360.63,-47799.99999999745,-0.2020791321588944
2024-06-21 16:00:00,2360.57,2363.77,2323.29,2324.74,-358900.00000000326,-1.5203568538907142
2024-06-21 20:00:00,2324.77,2325.12,2316.71,2321.84,-28999.999999996362,-0.1247451327890281
2024-06-24 00:00:00,2319.29,2323.01,2317.54,2320.96,-8800.000000001091,-0.0379009750887227
2024-06-24 04:00:00,2321.01,2326.7,2319.0,2324.5,35399.999999999636,0.15252309389217622
2024-06-24 08:00:00,2324.51,2332.79,2321.15,2330.55,60500.00000000182,0.2602710260271035
2024-06-24 12:00:00,2330.59,2331.0,2320.76,2327.65,-29000.00000000091,-0.12443414644611739
2024-06-24 16:00:00,2327.64,2333.88,2325.9,2331.67,40199.99999999982,0.17270637767705654
2024-06-24 20:00:00,2331.65,2334.67,2330.61,2334.49,28199.99999999709,0.12094335819390345
2024-06-25 00:00:00,2333.38,2334.57,2328.26,2330.1,-43899.99999999873,-0.1880496382507424
2024-06-25 04:00:00,2330.09,2330.92,2322.73,2327.48,-26199.99999999891,-0.11244152611475933
2024-06-25 08:00:00,2327.38,2330.54,2322.99,2329.58,20999.99999999909,0.09022633921667023
2024-06-25 12:00:00,2329.59,2337.11,2324.06,2324.21,-53699.99999999891,-0.23051365482189556
2024-06-25 16:00:00,2324.27,2328.22,2315.5,2317.89,-63200.00000000164,-0.27192035143124293
2024-06-25 20:00:00,2317.86,2320.58,2316.83,2319.2,13099.999999999454,0.05651691840422579
2024-06-26 00:00:00,2318.35,2324.06,2317.75,2318.46,-7399.999999997817,-0.03190755432906922
2024-06-26 04:00:00,2318.42,2321.64,2310.46,2316.87,-15900.000000001455,-0.06858000569344158
2024-06-26 08:00:00,2316.85,2318.21,2309.72,2315.66,-12100.000000000364,-0.052225631994895494
2024-06-26 12:00:00,2315.67,2318.42,2304.41,2310.13,-55299.99999999745,-0.2388088061286986
2024-06-26 16:00:00,2310.15,2311.57,2293.64,2299.76,-103699.99999999891,-0.44889248657001835
2024-06-26 20:00:00,2299.71,2303.02,2297.01,2298.02,-17400.000000002365,-0.07566006887675947
2024-06-27 00:00:00,2298.17,2300.17,2296.8,2299.09,10700.000000001637,0.046561822786572726
2024-06-27 04:00:00,2299.13,2301.14,2296.84,2300.51,14200.000000000728,0.06176356732445765
2024-06-27 08:00:00,2300.52,2308.39,2296.56,2307.6,70899.99999999691,0.3081925312213185
2024-06-27 12:00:00,2307.56,2325.61,2307.32,2322.86,152600.00000000218,0.6612931183914039
2024-06-27 16:00:00,2322.87,2330.93,2319.52,2325.44,25799.999999999272,0.11106997408367736
2024-06-27 20:00:00,2325.53,2328.53,2322.46,2327.67,22300.000000000182,0.09589583046649697
2024-06-28 00:00:00,2326.77,2328.28,2321.4,2321.63,-60399.999999999636,-0.25948695476591954
2024-06-28 04:00:00,2321.63,2324.99,2319.09,2321.25,-3800.0000000010914,-0.016367810546902284
2024-06-28 08:00:00,2321.24,2331.97,2321.02,2328.74,74899.99999999782,0.3226709746903422
2024-06-28 12:00:00,2328.67,2339.32,2327.28,2335.5,67600.00000000218,0.2902857339162068
2024-06-28 16:00:00,2335.51,2339.73,2322.9,2329.99,-55100.00000000218,-0.23592378505674638
2024-06-28 20:00:00,2330.0,2332.68,2322.9,2326.49,-35000.0,-0.15021523697527073
2024-07-01 00:00:00,2325.58,2327.12,2322.19,2324.9,-15899.999999996908,-0.0683432982733545
2024-07-01 04:00:00,2324.89,2328.61,2321.37,2323.72,-11800.00000000291,-0.050754871177272065
2024-07-01 08:00:00,2323.73,2329.02,2318.57,2325.89,21700.000000000728,0.09338474515001582
2024-07-01 12:00:00,2325.88,2338.54,2325.48,2327.41,15199.999999999818,0.06535132787879316
2024-07-01 16:00:00,2327.54,2334.29,2319.26,2328.19,7800.000000002001,0.03351364821841951
2024-07-01 20:00:00,2328.2,2332.41,2326.77,2331.54,33499.99999999909,0.14388860015719374
2024-07-02 00:00:00,2329.26,2333.9,2329.26,2333.07,15300.000000002,0.06562186366094735
2024-07-02 04:00:00,2333.1,2334.37,2324.95,2327.3,-57699.99999999982,-0.24731362539486268
2024-07-02 08:00:00,2327.2,2332.51,2323.33,2331.2,38999.99999999636,0.1675761612168536
2024-07-02 12:00:00,2331.21,2331.94,2319.04,2327.48,-37199.999999998,-0.15957446808509967
2024-07-02 16:00:00,2327.47,2336.77,2320.94,2322.86,-46199.99999999891,-0.1984979462766545
2024-07-02 20:00:00,2322.87,2331.35,2322.09,2329.21,63499.99999999909,0.27336989745399
2024-07-03 00:00:00,2329.2,2332.16,2329.19,2330.23,10199.999999999818,0.04379167185439847
2024-07-03 04:00:00,2330.24,2335.27,2326.86,2334.49,42599.999999997635,0.1828145719521057
2024-07-03 08:00:00,2334.49,2347.58,2332.01,2344.67,101800.00000000291,0.43606954838102396
2024-07-03 12:00:00,2344.7,2356.16,2342.15,2350.47,57999.99999999727,0.24736956586639547
2024-07-03 16:00:00,2350.51,2364.97,2347.58,2356.58,61100.00000000127,0.2599480103979257
2024-07-03 20:00:00,2356.25,2360.85,2353.73,2355.62,-9600.000000000364,-0.04073700022915183
2024-07-04 00:00:00,2356.74,2359.6,2355.63,2358.57,29500.00000000273,0.12523242288655645
2024-07-04 04:00:00,2358.56,2362.48,2357.21,2358.48,-900.0000000014552,-0.003815871481449573
2024-07-04 08:00:00,2358.48,2359.67,2350.58,2358.85,3699.9999999989086,0.01568807028256014
2024-07-04 12:00:00,2358.87,2360.38,2355.71,2357.73,-11199.999999998909,-0.0474807639315733
2024-07-04 16:00:00,2357.74,2361.82,2355.44,2357.81,799.9999999992724,0.0033930942050064417
2024-07-04 20:00:00,2357.83,2358.01,2357.31,2357.34,-4699.999999997999,-0.019933752083489686
2024-07-05 00:00:00,2354.41,2359.04,2354.25,2358.89,15499.999999997272,0.06575207649297532
2024-07-05 04:00:00,2358.9,2364.67,2356.86,2363.99,50999.99999999909,0.21620338379491066
2024-07-05 08:00:00,2363.98,2368.07,2362.22,2366.47,24800.000000000182,0.10490738116488707
2024-07-05 12:00:00,2366.54,2376.0,2347.79,2372.17,57000.00000000273,0.2408650859719419
2024-07-05 16:00:00,2372.18,2388.37,2370.67,2386.52,143499.9999999991,0.6049313497767939
2024-07-05 20:00:00,2386.45,2392.9,2384.56,2391.09,45700.00000000164,0.19149221460537103
2024-07-08 00:00:00,2381.27,2390.2,2380.99,2386.68,-44100.00000000309,-0.18443471387527
2024-07-08 04:00:00,2386.63,2391.09,2380.76,2384.94,-17399.999999997817,-0.07290462064456493
2024-07-08 08:00:00,2384.95,2386.78,2371.96,2372.86,-120799.99999999927,-0.5065116942145287
2024-07-08 12:00:00,2372.81,2377.45,2368.35,2372.75,-1100.0000000012733,-0.004635756007520531
2024-07-08 16:00:00,2372.7,2379.55,2350.93,2358.73,-140199.99999999983,-0.5908755663259879
2024-07-08 20:00:00,2358.77,2359.88,2354.89,2358.8,700.0000000016371,0.0029676987192361892
2024-07-09 00:00:00,2358.84,2363.68,2358.48,2361.91,31099.999999996726,0.1318467017127123
2024-07-09 04:00:00,2362.0,2368.79,2360.48,2367.41,55000.0,0.2328623867971169
2024-07-09 08:00:00,2367.33,2368.4,2358.28,2361.66,-57500.0,-0.24288146117487086
2024-07-09 12:00:00,2361.67,2365.63,2356.12,2360.19,-14699.999999998,-0.06224435354792446
2024-07-09 16:00:00,2360.21,2371.55,2349.48,2357.53,-26599.999999998545,-0.11270279087699508
2024-07-09 20:00:00,2357.7,2365.64,2357.7,2363.67,61399.99999999873,0.26044207284743326
2024-07-10 00:00:00,2363.55,2366.54,2363.1,2364.68,10099.999999997635,0.04273016114768602
2024-07-10 04:00:00,2364.75,2370.26,2363.28,2367.76,30800.00000000382,0.1302501818428059
2024-07-10 08:00:00,2367.75,2374.98,2367.22,2372.86,50999.99999999909,0.2153934520390477
2024-07-10 12:00:00,2372.87,2381.84,2371.7,2377.81,49499.99999999818,0.20860902033832396
2024-07-10 16:00:00,2377.82,2386.69,2373.96,2377.9,900.0000000014552,0.0037849954369839622
2024-07-10 20:00:00,2377.94,2378.53,2369.93,2370.91,-69900.00000000236,-0.29395685268515104
2024-07-11 00:00:00,2371.01,2374.42,2370.57,2374.24,33299.99999999927,0.14045240013327298
2024-07-11 04:00:00,2374.25,2382.5,2373.08,2382.01,77700.00000000437,0.3272626187748706
2024-07-11 08:00:00,2382.1,2384.1,2378.53,2381.41,-6000.000000003638,-0.025188811130105737
2024-07-11 12:00:00,2381.42,2409.79,2377.42,2406.3,248900.00000000326,1.0451791165738022
2024-07-11 16:00:00,2406.66,2424.56,2395.85,2411.66,53599.999999996726,0.22274861821052205
2024-07-11 20:00:00,2411.67,2418.64,2410.01,2414.91,32500.0,0.134761948201656
2024-07-12 00:00:00,2414.59,2416.28,2411.08,2412.08,-28299.999999999272,-0.11718863228856735
2024-07-12 04:00:00,2411.87,2414.28,2406.65,2408.6,-34800.00000000018,-0.14427382176378512
2024-07-12 08:00:00,2408.61,2410.14,2400.37,2407.49,-11100.000000001273,-0.04608486257577926
2024-07-12 12:00:00,2407.5,2408.32,2391.48,2397.95,-95399.99999999964,-0.3962633281965888
2024-07-12 16:00:00,2398.08,2416.93,2396.85,2415.93,179800.00000000017,0.7498071269209206
2024-07-12 20:00:00,2415.93,2418.28,2410.81,2410.9,-50299.99999999745,-0.20820139656363423
2024-07-15 00:00:00,2411.05,2415.17,2405.66,2408.56,-23400.000000001455,-0.09705918951429249
2024-07-15 04:00:00,2408.48,2413.38,2404.94,2411.52,29600.000000000364,0.12289500780549023
2024-07-15 08:00:00,2411.5,2413.97,2401.34,2412.05,5300.000000002001,0.02197783970276923
2024-07-15 12:00:00,2412.02,2420.84,2407.74,2414.85,27999.99999999727,0.11608382910801573
2024-07-15 16:00:00,2414.84,2439.74,2411.45,2430.25,154000.0000000009,0.6377207694059805
2024-07-15 20:00:00,2430.24,2430.33,2419.79,2422.04,-82100.00000000036,-0.3378253266124953
2024-07-16 00:00:00,2421.22,2422.82,2420.03,2421.24,-8000.000000001819,-0.03303000776205822
2024-07-16 04:00:00,2421.28,2431.47,2421.25,2429.3,80600.000000004,0.33288728089739816
2024-07-16 08:00:00,2429.29,2439.31,2428.13,2436.63,73299.99999999927,0.3017330095089088
2024-07-16 12:00:00,2436.64,2444.02,2429.46,2432.68,-39500.00000000273,-0.16210914254525255
2024-07-16 16:00:00,2432.61,2465.28,2431.0,2459.22,265399.99999999965,1.090977851587538
2024-07-16 20:00:00,2459.19,2469.69,2458.73,2468.54,93200.00000000163,0.37898195362757736
2024-07-17 00:00:00,2467.41,2473.26,2466.22,2468.76,2200.0000000025466,0.008912150501916294
2024-07-17 04:00:00,2468.77,2482.41,2463.99,2467.79,-9700.000000002547,-0.039290980087181016
2024-07-17 08:00:00,2467.8,2478.88,2461.83,2475.0,72100.00000000036,0.2921642441212624
2024-07-17 12:00:00,2475.02,2476.36,2466.71,2473.45,-15500.000000001819,-0.06262626262627524
2024-07-17 16:00:00,2473.44,2483.68,2452.84,2455.63,-178199.9999999971,-0.7204511916553691
2024-07-17 20:00:00,2455.62,2460.39,2451.47,2458.68,30499.99999999727,0.12420437932423312
2024-07-18 00:00:00,2457.98,2461.91,2457.41,2458.9,2200.0000000025466,0.008947890738131292
2024-07-18 04:00:00,2458.85,2469.01,2457.61,2465.28,63800.00000000109,0.25946561470575613
2024-07-18 08:00:00,2465.32,2474.92,2464.63,2466.0,7199.999999997999,0.029205607476634476
2024-07-18 12:00:00,2466.04,2468.83,2461.59,2464.04,-19600.000000000364,-0.07948094079480716
2024-07-18 16:00:00,2464.06,2469.92,2455.74,2456.19,-78499.9999999991,-0.3185824905439838
2024-07-18 20:00:00,2456.18,2457.55,2440.37,2445.14,-110500.00000000182,-0.44988376306394073
2024-07-19 00:00:00,2444.91,2445.74,2426.27,2434.35,-107899.99999999964,-0.4412835256876857
2024-07-19 04:00:00,2434.4,2434.66,2420.43,2425.53,-88199.99999999709,-0.3623143755006386
2024-07-19 08:00:00,2425.53,2426.17,2412.92,2420.49,-50400.000000004184,-0.20778963772868364
2024-07-19 12:00:00,2420.48,2421.1,2401.59,2403.72,-167699.99999999983,-0.6928349218546681
2024-07-19 16:00:00,2403.74,2408.44,2393.82,2399.66,-40599.999999999454,-0.1689048641272617
2024-07-19 20:00:00,2399.71,2401.11,2395.66,2400.85,11900.000000000546,0.04959035863414396
2024-07-22 00:00:00,2400.14,2411.98,2400.14,2407.88,70300.00000000201,0.2928129620759501
2024-07-22 04:00:00,2407.86,2412.16,2403.21,2405.62,-22600.000000002183,-0.09385849793179801
2024-07-22 08:00:00,2405.61,2407.37,2398.99,2400.86,-47599.999999997635,-0.19786998777860942
2024-07-22 12:00:00,2400.92,2408.37,2388.79,2394.33,-65300.000000002,-0.27198587172930777
2024-07-22 16:00:00,2394.21,2400.15,2383.83,2393.06,-12699.999999999818,-0.05304197834049562
2024-07-22 20:00:00,2393.13,2400.03,2391.82,2396.46,34000.00000000091,0.14207750745907077
2024-07-23 00:00:00,2395.68,2400.27,2394.76,2399.93,34699.999999998,0.14479690877375884
2024-07-23 04:00:00,2399.96,2404.0,2395.8,2396.53,-33999.99999999636,-0.14167079873161903
2024-07-23 08:00:00,2396.58,2407.11,2388.29,2404.03,75000.0,0.312952477123174
2024-07-23 12:00:00,2404.06,2412.05,2403.18,2405.48,14499.999999998181,0.060315387079179494
2024-07-23 16:00:00,2405.44,2407.67,2399.57,2405.37,-1100.0000000012733,-0.00457289189683685
2024-07-23 20:00:00,2405.33,2409.97,2402.64,2409.17,38000.00000000182,0.15797985341132748
2024-07-24 00:00:00,2408.36,2410.25,2407.78,2408.28,-8899.999999998727,-0.03694218340756228
2024-07-24 04:00:00,2408.29,2418.39,2404.98,2417.88,95999.9999999991,0.3986247446310154
2024-07-24 08:00:00,2417.89,2419.21,2410.73,2411.81,-60700.00000000164,-0.2510463712012245
2024-07-24 12:00:00,2411.81,2422.01,2409.8,2421.44,96300.00000000109,0.3992851841563061
2024-07-24 16:00:00,2421.48,2432.02,2413.6,2419.08,-23600.000000001273,-0.09746266684287352
2024-07-24 20:00:00,2419.07,2419.59,2396.7,2397.2,-218800.0000000011,-0.9044760818162301
2024-07-25 00:00:00,2396.86,2401.2,2393.01,2397.11,-899.9999999969077,-0.0037543801101103114
2024-07-25 04:00:00,2397.12,2400.09,2366.77,2377.64,-194700.00000000256,-0.8122280579531238
2024-07-25 08:00:00,2377.66,2378.75,2365.84,2374.73,-29099.999999998545,-0.12239026934269814
2024-07-25 12:00:00,2374.71,2382.51,2362.79,2371.14,-35900.000000001455,-0.15117508095657817
2024-07-25 16:00:00,2371.13,2376.34,2357.56,2362.67,-84699.99999999799,-0.3572121426824171
2024-07-25 20:00:00,2362.84,2365.49,2353.09,2364.22,15499.999999997272,0.06560374491568766
2024-07-26 00:00:00,2363.84,2365.43,2362.09,2362.74,-14800.000000000182,-0.06259992724872987
2024-07-26 04:00:00,2362.69,2379.34,2355.82,2369.85,71100.00000000128,0.30092181111760485
2024-07-26 08:00:00,2369.84,2375.3,2365.23,2372.99,31399.999999998727,0.13249783741586807
2024-07-26 12:00:00,2372.97,2379.06,2370.32,2377.53,45400.000000004184,0.1913198117143633
2024-07-26 16:00:00,2377.55,2390.8,2373.99,2389.17,116399.99999999872,0.4895837276501114
2024-07-26 20:00:00,2389.19,2389.2,2381.17,2386.95,-22200.000000002547,-0.09291929833373791
2024-07-29 00:00:00,2385.48,2403.17,2385.16,2400.05,131000.00000000364,0.5488175286453512
2024-07-29 04:00:00,2400.06,2402.5,2388.7,2394.91,-51400.000000003274,-0.21416220495408256
2024-07-29 08:00:00,2394.92,2396.21,2386.96,2390.35,-45599.999999999454,-0.19040381475712298
2024-07-29 12:00:00,2390.36,2395.4,2385.47,2393.86,35100.00000000218,0.1468404208588847
2024-07-29 16:00:00,2393.77,2396.74,2369.66,2378.15,-157100.00000000035,-0.656262270976582
2024-07-29 20:00:00,2378.24,2385.46,2376.95,2383.85,56999.99999999818,0.23968210583855676
2024-07-30 00:00:00,2383.05,2384.94,2380.22,2381.85,-20000.0,-0.08389789626025435
2024-07-30 04:00:00,2381.84,2388.33,2376.47,2386.37,45199.99999999982,0.18976845729159475
2024-07-30 08:00:00,2386.36,2391.99,2386.08,2389.41,30399.999999999636,0.12739013648344066
2024-07-30 12:00:00,2389.41,2392.41,2385.8,2386.53,-28799.999999996544,-0.12053184677387474
2024-07-30 16:00:00,2386.62,2400.3,2383.44,2399.88,133499.9999999991,0.5593895739839816
2024-07-30 20:00:00,2400.0,2412.86,2399.92,2410.6,107199.99999999799,0.44668900111670684
2024-07-31 00:00:00,2409.86,2411.0,2407.94,2408.99,-16100.000000001273,-0.0667883514477774
2024-07-31 04:00:00,2408.91,2421.31,2403.88,2421.2,122100.00000000036,0.5068514190594398
2024-07-31 08:00:00,2421.22,2425.51,2415.45,2421.46,2600.000000002183,0.010738476788385576
2024-07-31 12:00:00,2421.48,2423.28,2417.37,2420.46,-10000.0,-0.041297399089801345
2024-07-31 16:00:00,2420.45,2429.05,2417.83,2427.01,65500.00000000182,0.2706097188137857
2024-07-31 20:00:00,2427.01,2450.96,2421.52,2447.27,202599.99999999764,0.8347720034115991
2024-08-01 00:00:00,2448.52,2449.45,2444.32,2447.55,2800.000000002001,0.011441320328375859
2024-08-01 04:00:00,2447.29,2458.36,2437.33,2444.24,-33100.000000004,-0.13523727809443553
2024-08-01 08:00:00,2444.25,2448.86,2433.24,2433.85,-103899.99999999872,-0.42508100677510763
2024-08-01 12:00:00,2433.87,2454.88,2430.24,2450.74,168899.99999999872,0.6939622408940416
2024-08-01 16:00:00,2450.76,2462.29,2442.13,2444.49,-62500.0,-0.2550250128532605
2024-08-01 20:00:00,2444.48,2447.53,2434.88,2446.19,17000.00000000273,0.06954415849524942
2024-08-02 00:00:00,2445.4,2452.3,2443.77,2449.07,28800.00000000109,0.11773410896127601
2024-08-02 04:00:00,2449.06,2460.34,2435.07,2457.88,88099.99999999945,0.359728386693714
2024-08-02 08:00:00,2457.9,2468.46,2457.69,2462.04,41599.999999998545,0.16925155011635606
2024-08-02 12:00:00,2462.07,2477.73,2455.38,2472.95,109099.99999999854,0.4431284625757481
2024-08-02 16:00:00,2472.9,2474.39,2410.78,2430.49,-424600.00000000035,-1.7169776986999397
2024-08-02 20:00:00,2430.48,2443.57,2423.02,2442.43,119400.00000000055,0.49125896424178084
2024-08-05 00:00:00,2445.09,2446.84,2413.9,2422.18,-202500.0,-0.8290923383679316
2024-08-05 04:00:00,2422.15,2458.76,2420.18,2452.74,305599.9999999995,1.2616733686183546
2024-08-05 08:00:00,2452.69,2452.69,2422.23,2425.04,-276999.9999999982,-1.1293492176096875
2024-08-05 12:00:00,2425.13,2428.85,2364.19,2374.53,-505099.9999999976,-2.0828522416124984
2024-08-05 16:00:00,2374.62,2412.25,2374.62,2403.04,285099.9999999976,1.2006586566604582
2024-08-05 20:00:00,2402.99,2413.03,2400.26,2410.14,70999.9999999991,0.29545908515880015
2024-08-06 00:00:00,2408.43,2418.35,2404.44,2415.95,58099.999999999454,0.24106483440795579
2024-08-06 04:00:00,2416.05,2417.78,2405.95,2408.08,-78699.99999999891,-0.3257517746642069
2024-08-06 08:00:00,2408.09,2415.45,2394.86,2411.1,30199.999999999818,0.12541111590977927
2024-08-06 12:00:00,2411.23,2416.31,2391.82,2393.0,-180999.9999999991,-0.7506947036622247
2024-08-06 16:00:00,2393.03,2403.17,2381.6,2390.03,-29699.999999998,-0.12411199331382461
2024-08-06 20:00:00,2390.03,2396.02,2386.47,2390.43,3999.999999996362,0.016736191595900785
2024-08-07 00:00:00,2390.08,2391.42,2381.12,2386.48,-39499.99999999818,-0.16524223675237204
2024-08-07 04:00:00,2386.51,2394.81,2379.07,2392.83,63499.99999999909,0.2660822634172444
2024-08-07 08:00:00,2392.76,2397.63,2388.06,2393.37,5399.999999999636,0.022567420167751706
2024-08-07 12:00:00,2393.36,2407.02,2392.44,2403.87,105000.0,0.43871194173905614
2024-08-07 16:00:00,2403.95,2404.84,2392.01,2399.74,-41300.00000000109,-0.1718062956815536
2024-08-07 20:00:00,2399.72,2399.72,2381.81,2382.63,-171099.99999999674,-0.7129939076733205
2024-08-08 00:00:00,2381.43,2388.54,2379.6,2385.6,29699.999999998,0.1246521700809522
2024-08-08 04:00:00,2385.59,2396.41,2385.06,2394.4,88000.00000000182,0.36887994634473564
2024-08-08 08:00:00,2394.38,2400.71,2392.48,2394.59,1900.0000000005457,0.007935182091545201
2024-08-08 12:00:00,2394.59,2415.52,2393.83,2408.1,135099.99999999764,0.5641884414450793
2024-08-08 16:00:00,2408.08,2424.35,2402.37,2418.12,100199.99999999983,0.41609567708982276
2024-08-08 20:00:00,2418.13,2427.57,2415.84,2427.06,89400.00000000055,0.36970869932013706
2024-08-09 00:00:00,2426.86,2427.73,2422.6,2424.0,-30599.999999999454,-0.1260784653037028
2024-08-09 04:00:00,2423.99,2428.93,2419.39,2423.89,-1100.0000000012733,-0.004537953795380467
2024-08-09 08:00:00,2423.87,2427.01,2416.89,2424.57,6800.00000000291,0.028054078361661183
2024-08-09 12:00:00,2424.52,2432.61,2422.74,2429.68,51099.999999996726,0.21075902118725676
2024-08-09 16:00:00,2429.56,2435.95,2421.08,2434.5,48200.00000000164,0.19838003358467748
2024-08-09 20:00:00,2434.49,2437.05,2427.26,2430.98,-35199.99999999982,-0.14458821113164655
2024-08-12 00:00:00,2429.38,2433.49,2426.82,2428.49,-24900.000000002365,-0.10242782746053836
2024-08-12 04:00:00,2428.4,2433.52,2423.86,2433.39,49000.00000000091,0.20177147116109406
2024-08-12 08:00:00,2433.37,2443.82,2429.12,2441.99,85999.9999999991,0.3534164272886775
2024-08-12 12:00:00,2442.0,2445.43,2439.68,2444.45,24600.000000000364,0.10073751325763158
2024-08-12 16:00:00,2444.63,2466.13,2442.13,2463.14,186900.00000000055,0.7645891713882413
2024-08-12 20:00:00,2463.16,2473.12,2461.77,2472.77,96300.00000000109,0.39096437880103974
2024-08-13 00:00:00,2469.0,2476.91,2468.48,2472.16,-6100.000000001273,-0.024668691386586783
2024-08-13 04:00:00,2472.12,2473.65,2460.26,2462.04,-101199.99999999891,-0.4093586175652031
2024-08-13 08:00:00,2462.03,2466.16,2458.51,2460.62,-14200.000000000728,-0.0576757485662327
2024-08-13 12:00:00,2460.65,2472.51,2458.96,2467.69,70700.00000000163,0.2873259584982746
2024-08-13 16:00:00,2467.7,2475.53,2458.92,2469.52,18299.999999999272,0.07415842346485402
2024-08-13 20:00:00,2469.51,2470.3,2462.26,2464.65,-48699.99999999891,-0.19720431500858115
2024-08-14 00:00:00,2464.49,2467.39,2463.02,2465.72,10699.99999999709,0.04341387215223147
2024-08-14 04:00:00,2465.7,2472.57,2455.32,2461.9,-38199.99999999709,-0.15492432230747033
2024-08-14 08:00:00,2461.89,2478.68,2459.28,2474.43,125299.99999999745,0.5089564970145011
2024-08-14 12:00:00,2474.46,2479.83,2462.56,2468.81,-56199.99999999891,-0.2271230141891234
2024-08-14 16:00:00,2468.81,2469.57,2438.1,2444.2,-246100.00000000128,-0.9968365325804807
2024-08-14 20:00:00,2444.21,2448.39,2440.33,2447.51,33100.000000004,0.13542263317243286
2024-08-15 00:00:00,2447.61,2454.26,2446.31,2450.18,26699.99999999618,0.10909046336888828
2024-08-15 04:00:00,2450.19,2455.49,2448.21,2453.42,32400.000000002365,0.1322351827212742
2024-08-15 08:00:00,2453.41,2458.79,2450.38,2455.53,21100.000000001273,0.08600239665446097
2024-08-15 12:00:00,2455.52,2470.06,2441.05,2441.11,-144200.00000000073,-0.5872459306137556
2024-08-15 16:00:00,2441.3,2459.88,2432.22,2455.72,146099.99999999674,0.5984982241685088
2024-08-15 20:00:00,2455.81,2461.64,2453.5,2456.47,7500.0,0.030540941149648226
2024-08-16 00:00:00,2456.26,2459.76,2454.39,2458.36,18900.000000003274,0.07693967359667653
2024-08-16 04:00:00,2458.57,2460.09,2450.8,2452.74,-56200.000000003456,-0.22860768967931655
2024-08-16 08:00:00,2452.74,2464.47,2451.17,2462.37,96300.00000000109,0.3926221287213538
2024-08-16 12:00:00,2462.38,2492.4,2461.33,2491.64,292699.9999999998,1.1886921949179063
2024-08-16 16:00:00,2491.65,2500.08,2477.54,2495.89,42500.0,0.17057038737537944
2024-08-16 20:00:00,2495.87,2509.74,2493.1,2507.69,118000.00000000182,0.4727772457920887
2024-08-19 00:00:00,2507.58,2509.49,2500.37,2502.06,-56300.00000000109,-0.2245094090577382
2024-08-19 04:00:00,2502.18,2506.06,2495.0,2500.67,-13899.999999998727,-0.055554223319975726
2024-08-19 08:00:00,2500.7,2507.16,2499.12,2503.17,25000.0,0.09997320718047042
2024-08-19 12:00:00,2503.16,2504.01,2486.54,2491.18,-119900.00000000236,-0.47899263733586217
2024-08-19 16:00:00,2491.2,2507.49,2485.64,2505.51,143300.0000000038,0.5752294093562149
2024-08-19 20:00:00,2505.47,2505.84,2500.74,2503.9,-16100.000000001273,-0.06425837454251404
2024-08-20 00:00:00,2502.46,2506.84,2501.28,2504.96,10599.999999999454,0.04233395902391024
2024-08-20 04:00:00,2504.97,2508.21,2498.71,2500.85,-41100.00000000127,-0.16407447623915106
2024-08-20 08:00:00,2500.84,2523.12,2497.34,2519.88,190300.000000002,0.7609412799648219
2024-08-20 12:00:00,2519.86,2529.24,2519.86,2526.77,68899.99999999872,0.2734257186850053
2024-08-20 16:00:00,2526.72,2531.64,2500.85,2509.05,-177199.999999998,-0.7012905804643754
2024-08-20 20:00:00,2509.06,2516.89,2506.79,2513.67,46199.99999999891,0.1841334369582004
2024-08-21 00:00:00,2513.14,2516.1,2512.49,2513.52,-1500.0000000009095,-0.0059673704185581045
2024-08-21 04:00:00,2513.61,2519.96,2510.89,2516.19,26700.000000000728,0.10622553232120246
2024-08-21 08:00:00,2516.18,2519.59,2506.94,2507.33,-88600.00000000128,-0.352119672997675
2024-08-21 12:00:00,2507.24,2513.69,2504.49,2510.56,32300.000000000182,0.12882229303681214
2024-08-21 16:00:00,2510.67,2512.88,2493.92,2507.12,-34400.000000000546,-0.13702122235677017
2024-08-21 20:00:00,2507.15,2519.13,2506.96,2512.0,48800.00000000109,0.19464564919111638
2024-08-22 00:00:00,2511.74,2514.66,2510.86,2513.76,17600.000000002183,0.07006369426751924
2024-08-22 04:00:00,2513.75,2514.15,2499.32,2501.95,-118100.000000004,-0.46981414295718116
2024-08-22 08:00:00,2501.94,2510.59,2500.7,2503.63,16800.00000000291,0.06714762485262593
2024-08-22 12:00:00,2503.62,2509.1,2495.17,2500.69,-29400.000000000546,-0.11742949237707467
2024-08-22 16:00:00,2500.75,2501.55,2470.86,2484.27,-164200.00000000073,-0.656618773218598
2024-08-22 20:00:00,2484.26,2484.86,2478.58,2484.5,2300.000000000182,0.009258252927413224
2024-08-23 00:00:00,2482.56,2492.25,2482.37,2490.01,55100.00000000218,0.2217750050311995
2024-08-23 04:00:00,2490.03,2494.52,2486.7,2493.45,34399.999999996,0.13815205561422683
2024-08-23 08:00:00,2493.44,2499.96,2490.63,2499.0,55500.00000000182,0.2225831678999146
2024-08-23 12:00:00,2499.01,2502.46,2495.63,2501.32,23200.000000001637,0.0928371348539514
2024-08-23 16:00:00,2501.31,2518.35,2494.44,2510.28,89600.00000000036,0.3582108646634552
2024-08-23 20:00:00,2510.32,2513.23,2507.9,2512.34,20599.999999999454,0.08206255875837787
2024-08-26 00:00:00,2508.58,2516.96,2508.58,2513.72,13799.999999996544,0.054928871092285725
2024-08-26 04:00:00,2513.71,2515.45,2508.98,2509.62,-40999.99999999909,-0.16310488041627602
2024-08-26 08:00:00,2509.58,2525.77,2508.74,2524.24,146199.9999999989,0.5825583156015668
2024-08-26 12:00:00,2524.27,2526.94,2520.92,2523.87,-3699.9999999989086,-0.014657877222445936
2024-08-26 16:00:00,2523.86,2526.44,2510.62,2520.19,-36799.99999999836,-0.1458078268690488
2024-08-26 20:00:00,2520.12,2523.36,2515.66,2517.89,-23000.00000000182,-0.09126296033236114
2024-08-27 00:00:00,2517.38,2518.2,2512.92,2513.18,-47100.000000000364,-0.18706138870244748
2024-08-27 04:00:00,2513.16,2514.12,2505.84,2507.35,-58299.99999999927,-0.23197701716549668
2024-08-27 08:00:00,2507.32,2517.53,2503.53,2511.03,36800.00000000291,0.14676850060821867
2024-08-27 12:00:00,2510.91,2514.37,2506.91,2509.85,-11800.00000000291,-0.046992668347267674
2024-08-27 16:00:00,2509.86,2520.29,2503.58,2514.43,45799.99999999927,0.18248102476243755
2024-08-27 20:00:00,2514.45,2525.96,2514.12,2524.41,99800.00000000017,0.3969090410152587
2024-08-28 00:00:00,2519.97,2529.0,2519.97,2524.41,0.0,0.0
2024-08-28 04:00:00,2524.33,2524.33,2510.29,2511.56,-128499.9999999991,-0.5090298327133813
2024-08-28 08:00:00,2511.55,2511.73,2503.23,2508.22,-33400.000000001455,-0.13298507700394424
2024-08-28 12:00:00,2508.17,2511.39,2493.62,2500.64,-75799.99999999927,-0.30220634553587145
2024-08-28 16:00:00,2500.54,2510.63,2496.42,2501.94,13000.000000001819,0.051986691407002183
2024-08-28 20:00:00,2501.93,2509.6,2500.61,2503.48,15399.999999999636,0.06155223546526756
2024-08-29 00:00:00,2504.66,2515.41,2503.95,2512.33,88499.9999999991,0.3535079169795674
2024-08-29 04:00:00,2512.26,2518.2,2511.72,2515.94,36100.00000000127,0.14369131443721095
2024-08-29 08:00:00,2515.84,2521.25,2513.79,2517.16,12199.999999998,0.04849082251563441
2024-08-29 12:00:00,2517.22,2524.39,2503.62,2509.19,-79699.99999999799,-0.31662667450618187
2024-08-29 16:00:00,2509.21,2526.68,2508.26,2525.29,160999.9999999991,0.6416413264838328
2024-08-29 20:00:00,2525.26,2528.71,2520.23,2520.23,-50599.999999999454,-0.20037302646428445
2024-08-30 00:00:00,2520.6,2521.76,2516.75,2517.77,-24600.000000000364,-0.09761013875717595
2024-08-30 04:00:00,2517.8,2520.1,2512.18,2513.39,-43800.00000000109,-0.17396346767178938
2024-08-30 08:00:00,2513.4,2526.75,2512.53,2522.94,95500.00000000182,0.379964907953001
2024-08-30 12:00:00,2522.94,2526.87,2515.04,2519.76,-31799.999999998363,-0.1260434255273557
2024-08-30 16:00:00,2519.71,2519.9,2496.65,2497.73,-220300.000000002,-0.8742896148839607
2024-08-30 20:00:00,2497.63,2504.75,2494.12,2503.14,54099.999999998545,0.216596669776159
2024-09-02 00:00:00,2502.45,2504.99,2501.15,2501.52,-16199.999999998909,-0.06471871329609691
2024-09-02 04:00:00,2501.5,2504.71,2490.06,2496.96,-45599.999999999454,-0.18228916818574525
2024-09-02 08:00:00,2496.97,2507.29,2495.3,2506.33,93699.99999999891,0.3752563116749874
2024-09-02 12:00:00,2506.27,2506.63,2497.13,2501.29,-50399.999999999636,-0.20109083799818572
2024-09-02 16:00:00,2501.34,2502.48,2497.75,2500.53,-7599.999999997635,-0.03038432169000238
2024-09-02 20:00:00,2500.5,2501.29,2499.85,2500.26,-2699.999999999818,-0.010797710885290801
2024-09-03 00:00:00,2498.58,2499.9,2495.06,2495.78,-44800.00000000018,-0.17918136513802585
2024-09-03 04:00:00,2495.77,2496.97,2489.82,2495.99,2099.9999999958163,0.008414203174944568
2024-09-03 08:00:00,2495.97,2506.29,2492.77,2503.99,80000.0,0.3205141046238147
2024-09-03 12:00:00,2504.02,2505.01,2484.78,2493.24,-107500.0,-0.4293148135575575
2024-09-03 16:00:00,2493.21,2497.64,2473.51,2486.11,-71299.99999999654,-0.28597327172673603
2024-09-03 20:00:00,2485.96,2494.37,2485.48,2492.71,65999.9999999991,0.2654749789832378
2024-09-04 00:00:00,2492.38,2494.99,2492.08,2492.4,-3099.9999999994543,-0.01243626414624277
2024-09-04 04:00:00,2492.38,2496.86,2491.34,2495.92,35199.99999999982,0.14122933718503372
2024-09-04 08:00:00,2495.88,2496.6,2472.49,2473.28,-226399.99999999872,-0.9070803551395779
2024-09-04 12:00:00,2473.29,2491.27,2471.88,2486.56,132799.99999999744,0.5369388019148547
2024-09-04 16:00:00,2486.61,2500.27,2482.09,2496.74,101799.99999999837,0.4094009394504772
2024-09-04 20:00:00,2496.78,2497.33,2491.5,2495.5,-12399.999999997817,-0.04966476285075405
2024-09-05 00:00:00,2495.0,2496.91,2493.11,2495.22,-2800.000000002001,-0.011220196353445289
2024-09-05 04:00:00,2495.21,2499.33,2493.82,2494.3,-9199.99999999618,-0.03687049638908535
2024-09-05 08:00:00,2494.27,2516.67,2493.98,2514.71,204099.99999999854,0.8182656456721338
2024-09-05 12:00:00,2514.72,2523.45,2513.34,2517.78,30700.000000001637,0.12208167144522886
2024-09-05 16:00:00,2517.75,2520.56,2503.89,2510.4,-73800.00000000109,-0.29311536353454626
2024-09-05 20:00:00,2510.4,2516.88,2509.3,2516.7,62999.99999999727,0.25095602294453734
2024-09-06 00:00:00,2515.76,2517.96,2515.61,2515.92,-7799.999999997453,-0.030992966980558645
2024-09-06 04:00:00,2515.92,2519.56,2513.01,2518.44,25199.999999999818,0.10016216731851824
2024-09-06 08:00:00,2518.43,2521.83,2515.52,2517.88,-5599.999999999454,-0.022235987357255294
2024-09-06 12:00:00,2517.87,2529.21,2506.72,2522.3,44200.00000000073,0.1755445056952798
2024-09-06 16:00:00,2522.29,2523.06,2485.14,2489.04,-332600.0000000022,-1.3186377512587777
2024-09-06 20:00:00,2489.0,2497.79,2485.95,2497.13,80900.00000000146,0.32502490920194305
2024-09-09 00:00:00,2496.33,2498.31,2495.59,2496.01,-11199.999999998909,-0.0448514895099561
2024-09-09 04:00:00,2495.95,2500.43,2494.73,2498.25,22399.999999997817,0.08974323019539376
2024-09-09 08:00:00,2498.23,2498.34,2485.55,2492.25,-60000.0,-0.24016811768238222
2024-09-09 12:00:00,2492.24,2504.16,2492.09,2500.94,86900.00000000055,0.34868091082356223
2024-09-09 16:00:00,2500.95,2505.24,2493.16,2504.34,34000.00000000091,0.13594888321990517
2024-09-09 20:00:00,2504.35,2507.15,2499.44,2506.12,17799.999999997453,0.07107661100329565
2024-09-10 00:00:00,2504.13,2507.67,2504.13,2505.43,-6900.000000000546,-0.027532600194724033
2024-09-10 04:00:00,2505.53,2506.87,2501.1,2501.8,-36299.999999996544,-0.14488530910859998
2024-09-10 08:00:00,2501.81,2507.75,2500.13,2502.34,5399.999999999636,0.02158445918938323
2024-09-10 12:00:00,2502.31,2514.05,2500.19,2513.82,114800.00000000017,0.4587705907270756
2024-09-10 16:00:00,2513.82,2518.42,2500.89,2514.41,5899.999999996908,0.023470256422486457
2024-09-10 20:00:00,2514.42,2517.44,2512.08,2516.49,20799.999999999272,0.08272318356989938
2024-09-11 00:00:00,2515.99,2519.15,2515.9,2516.57,800.0000000038199,0.0031790311108004232
2024-09-11 04:00:00,2516.48,2522.57,2514.95,2519.63,30599.999999999454,0.12159407447438486
2024-09-11 08:00:00,2519.61,2529.05,2519.35,2524.31,46799.99999999836,0.1857415572921406
2024-09-11 12:00:00,2524.3,2524.72,2502.26,2508.17,-161399.99999999872,-0.6393826431777327
2024-09-11 16:00:00,2508.18,2520.05,2500.92,2515.2,70299.99999999745,0.2802840317841282
2024-09-11 20:00:00,2515.17,2516.9,2509.8,2511.52,-36799.99999999836,-0.14631043256996268
2024-09-12 00:00:00,2510.98,2513.89,2510.98,2512.19,6700.000000000728,0.026677072051994877
2024-09-12 04:00:00,2512.14,2517.75,2511.02,2517.05,48600.00000000127,0.19345670510590995
2024-09-12 08:00:00,2517.15,2522.25,2514.51,2517.39,3399.9999999969077,0.013507876283735953
2024-09-12 12:00:00,2517.39,2535.27,2513.01,2529.11,117200.00000000255,0.4655615538315505
2024-09-12 16:00:00,2528.56,2555.21,2522.25,2550.71,215999.9999999991,0.8540553791650085
2024-09-12 20:00:00,2550.72,2560.1,2550.14,2558.52,78099.99999999945,0.3061892571088132
2024-09-13 00:00:00,2557.73,2562.79,2556.73,2561.6,30799.999999999272,0.12038209589919635
2024-09-13 04:00:00,2561.61,2570.14,2559.96,2568.83,72300.00000000017,0.2822454715802669
2024-09-13 08:00:00,2568.81,2571.06,2563.12,2569.99,11599.999999998545,0.04515674451013307
2024-09-13 12:00:00,2569.87,2575.9,2563.72,2575.82,58300.00000000382,0.22684913170869514
2024-09-13 16:00:00,2575.87,2585.15,2573.1,2584.33,85099.99999999764,0.33038022843210335
2024-09-13 20:00:00,2584.16,2586.04,2577.52,2577.72,-66100.00000000128,-0.2557722891426417
2024-09-16 00:00:00,2577.78,2582.39,2577.18,2581.37,36500.00000000091,0.14159800133450862
2024-09-16 04:00:00,2581.36,2588.99,2579.9,2585.82,44500.00000000273,0.17238908021710575
2024-09-16 08:00:00,2585.74,2589.65,2579.59,2586.89,10699.99999999709,0.04137952371006115
2024-09-16 12:00:00,2586.9,2588.29,2575.26,2583.45,-34400.000000000546,-0.13297820935563864
2024-09-16 16:00:00,2583.46,2589.35,2576.16,2583.71,2600.000000002183,0.01006406162302742
2024-09-16 20:00:00,2583.65,2584.13,2579.63,2582.32,-13899.999999998727,-0.05379860742884546
2024-09-17 00:00:00,2581.78,2584.42,2580.29,2580.29,-20300.000000002,-0.07861148114873817
2024-09-17 04:00:00,2580.28,2586.33,2574.97,2576.94,-33499.99999999909,-0.12983036790438218
2024-09-17 08:00:00,2576.9,2586.92,2574.61,2580.18,32399.999999997817,0.1257305175906165
2024-09-17 12:00:00,2580.16,2581.7,2568.4,2577.8,-23799.999999996544,-0.09224162655316892
2024-09-17 16:00:00,2578.08,2582.24,2561.4,2563.16,-146400.00000000326,-0.567926138567787
2024-09-17 20:00:00,2563.15,2571.67,2560.76,2569.12,59600.000000000364,0.23252547636511967
2024-09-18 00:00:00,2568.3,2574.78,2568.03,2573.02,39000.00000000091,0.15180295198355953
2024-09-18 04:00:00,2573.09,2576.48,2568.0,2568.7,-43200.00000000164,-0.16789609097481728
2024-09-18 08:00:00,2568.66,2571.96,2565.76,2569.81,11100.000000001273,0.0432125199517408
2024-09-18 12:00:00,2569.82,2580.76,2568.01,2576.26,64500.00000000273,0.25099131842432065
2024-09-18 16:00:00,2576.29,2578.56,2568.07,2574.87,-13900.000000003274,-0.053954181643167676
2024-09-18 20:00:00,2574.88,2600.16,2546.82,2558.84,-160299.99999999744,-0.6225557018412431
2024-09-19 00:00:00,2558.57,2561.57,2555.37,2558.79,-500.000000001819,-0.0019540104109760925
2024-09-19 04:00:00,2558.77,2566.71,2551.05,2564.09,53000.00000000182,0.20712915088774153
2024-09-19 08:00:00,2564.11,2586.63,2563.97,2584.98,208899.99999999872,0.8147139920985591
2024-09-19 12:00:00,2584.95,2594.86,2573.2,2576.88,-80999.9999999991,-0.3133486526007867
2024-09-19 16:00:00,2576.81,2592.6,2569.77,2591.76,148800.0000000011,0.5774424885908624
2024-09-19 20:00:00,2591.77,2592.69,2585.92,2586.56,-52000.00000000273,-0.20063586134519973
2024-09-20 00:00:00,2586.22,2588.52,2585.71,2588.07,15100.000000002183,0.058378696028715815
2024-09-20 04:00:00,2588.17,2594.36,2584.83,2593.72,56499.99999999636,0.21830939657736526
2024-09-20 08:00:00,2593.73,2612.76,2592.43,2609.81,160900.00000000146,0.6203445244667982
2024-09-20 12:00:00,2609.83,2619.36,2602.48,2615.62,58099.999999999454,0.22262157015260353
2024-09-20 16:00:00,2615.61,2625.77,2602.68,2624.91,92899.99999999964,0.3551739167004353
2024-09-20 20:00:00,2624.89,2625.41,2617.86,2621.84,-30699.99999999709,-0.11695639088576959
2024-09-23 00:00:00,2620.58,2622.04,2617.82,2618.27,-35700.00000000164,-0.13616391541818595
2024-09-23 04:00:00,2618.32,2631.13,2616.08,2629.43,111599.99999999854,0.4262356441466997
2024-09-23 08:00:00,2629.42,2631.35,2613.89,2616.85,-125799.99999999927,-0.47843068649858767
2024-09-23 12:00:00,2616.86,2628.08,2615.43,2627.05,102000.00000000274,0.38978160765807957
2024-09-23 16:00:00,2627.11,2634.86,2625.6,2628.25,11999.999999998181,0.04567861289277442
2024-09-23 20:00:00,2628.21,2629.11,2625.71,2628.45,1999.999999998181,0.007609626177096374
2024-09-24 00:00:00,2627.89,2628.82,2623.85,2625.21,-32399.999999997817,-0.12326656394452407
2024-09-24 04:00:00,2625.2,2638.27,2624.93,2638.12,129099.99999999854,0.4917701821949505
2024-09-24 08:00:00,2638.13,2640.09,2622.66,2629.09,-90299.99999999745,-0.34228920594968626
2024-09-24 12:00:00,2629.06,2636.15,2623.36,2632.89,37999.99999999727,0.1445367028135136
2024-09-24 16:00:00,2633.15,2655.16,2630.94,2653.53,206400.00000000326,0.7839294463498403
2024-09-24 20:00:00,2653.55,2664.36,2649.81,2657.05,35199.99999999982,0.13265348422666356
2024-09-25 00:00:00,2652.58,2660.95,2652.58,2660.84,37899.999999999636,0.14263939331213837
2024-09-25 04:00:00,2660.85,2670.51,2655.53,2658.96,-18800.00000000109,-0.07065437981991218
2024-09-25 08:00:00,2658.88,2659.84,2651.65,2655.93,-30300.000000002,-0.11395432800794802
2024-09-25 12:00:00,2655.94,2660.79,2652.74,2659.57,36400.000000003274,0.13705180482921353
2024-09-25 16:00:00,2659.53,2667.51,2649.76,2653.75,-58200.00000000164,-0.21883236763838854
2024-09-25 20:00:00,2653.69,2662.97,2653.17,2657.03,32800.000000002,0.1235986811116474
2024-09-26 00:00:00,2656.45,2660.34,2655.43,2659.13,20999.99999999909,0.07903561495352651
2024-09-26 04:00:00,2659.17,2662.94,2657.09,2660.71,15799.999999999272,0.059417929924454604
2024-09-26 08:00:00,2660.69,2670.53,2658.0,2669.04,83299.99999999927,0.3130743297841576
2024-09-26 12:00:00,2669.03,2685.53,2666.93,2677.28,82400.00000000236,0.30872523454126277
2024-09-26 16:00:00,2677.31,2679.71,2654.82,2668.2,-90800.00000000381,-0.3391501822745613
2024-09-26 20:00:00,2668.13,2677.91,2667.54,2672.18,39800.00000000018,0.14916423056743344
2024-09-27 00:00:00,2670.9,2673.25,2669.4,2669.81,-23699.99999999891,-0.08869163005486014
2024-09-27 04:00:00,2669.84,2673.98,2666.23,2670.49,6799.999999998363,0.0254699772642919
2024-09-27 08:00:00,2670.51,2671.34,2660.93,2662.59,-78999.99999999636,-0.2958258596736818
2024-09-27 12:00:00,2662.62,2674.32,2658.35,2670.09,75000.0,0.2816806192466714
2024-09-27 16:00:00,2670.08,2671.06,2644.78,2651.79,-183000.0000000018,-0.6853701560621595
2024-09-27 20:00:00,2651.84,2659.91,2643.15,2658.13,63400.000000001455,0.2390837886861341
2024-09-30 00:00:00,2655.07,2666.01,2655.07,2661.67,35399.999999999636,0.1331763307287348
2024-09-30 04:00:00,2661.66,2664.38,2647.31,2655.87,-58000.00000000182,-0.21790830568778619
2024-09-30 08:00:00,2655.88,2660.64,2650.69,2653.54,-23299.999999999272,-0.08773019763768097
2024-09-30 12:00:00,2653.57,2653.67,2634.48,2638.99,-145500.0000000018,-0.5483241255078153
2024-09-30 16:00:00,2638.98,2642.13,2628.82,2639.12,1300.0000000010914,0.004926127041038342
2024-09-30 20:00:00,2639.11,2641.83,2624.71,2634.41,-47100.000000000364,-0.17846858043590874
2024-10-01 00:00:00,2630.62,2637.21,2630.62,2636.53,21200.000000003456,0.08047342668757729
2024-10-01 04:00:00,2636.52,2640.43,2634.54,2639.65,31199.99999999891,0.1183373600907256
2024-10-01 08:00:00,2639.67,2647.39,2639.57,2646.56,69099.99999999854,0.26177712954369436
2024-10-01 12:00:00,2646.6,2656.68,2645.42,2651.52,49600.000000000364,0.18741309473429002
2024-10-01 16:00:00,2651.53,2673.08,2648.02,2666.48,149600.00000000035,0.564204682597147
2024-10-01 20:00:00,2666.56,2671.74,2657.61,2663.14,-33400.000000001455,-0.12525876811377845
2024-10-02 00:00:00,2661.53,2663.37,2657.0,2657.42,-57199.999999998,-0.21478405190864525
2024-10-02 04:00:00,2657.53,2662.0,2652.65,2654.18,-32400.000000002365,-0.12192276719525941
2024-10-02 08:00:00,2654.15,2656.21,2644.54,2652.46,-17199.999999998,-0.06480344211771127
2024-10-02 12:00:00,2652.47,2655.54,2643.84,2649.63,-28299.999999999272,-0.10669340913717074
2024-10-02 16:00:00,2649.62,2663.39,2641.17,2649.75,1199.9999999989086,0.004528934228553716
2024-10-02 20:00:00,2649.74,2659.89,2647.19,2658.47,87199.99999999799,0.3290876497782813
2024-10-03 00:00:00,2658.06,2662.9,2657.46,2657.82,-6499.999999996362,-0.024450153659794083
2024-10-03 04:00:00,2657.83,2658.94,2653.35,2655.02,-28000.00000000182,-0.10534949695616413
2024-10-03 08:00:00,2655.01,2657.5,2641.85,2645.17,-98499.9999999991,-0.3709953220691342
2024-10-03 12:00:00,2645.1,2653.88,2640.99,2642.45,-27200.000000002547,-0.10282892970963076
2024-10-03 16:00:00,2642.42,2661.19,2635.86,2660.04,175900.00000000146,0.6656701167477186
2024-10-03 20:00:00,2660.08,2662.11,2655.18,2655.88,-41599.999999998545,-0.15638862573494894
2024-10-04 00:00:00,2655.1,2657.54,2654.36,2657.28,14000.00000000091,0.05271322499511566
2024-10-04 04:00:00,2657.27,2665.81,2656.8,2664.12,68399.99999999691,0.2574060693641522
2024-10-04 08:00:00,2664.13,2667.89,2658.76,2659.04,-50799.99999999927,-0.19068210140683606
2024-10-04 12:00:00,2659.06,2662.54,2632.03,2638.8,-202399.99999999782,-0.7611769661231005
2024-10-04 16:00:00,2638.82,2670.17,2637.45,2645.37,65699.99999999709,0.24897680763982244
2024-10-04 20:00:00,2645.4,2653.91,2642.76,2653.5,81300.00000000109,0.3073294094966039
2024-10-07 00:00:00,2650.83,2652.97,2647.83,2649.32,-41799.99999999836,-0.15752779348030543
2024-10-07 04:00:00,2649.4,2651.94,2643.82,2646.77,-25500.00000000182,-0.09625111349328419
2024-10-07 08:00:00,2646.72,2656.4,2639.72,2652.28,55100.00000000218,0.20817827011792023
2024-10-07 12:00:00,2652.32,2659.63,2637.81,2640.1,-121800.00000000291,-0.4592275325380535
2024-10-07 16:00:00,2640.08,2653.73,2639.11,2646.81,67100.00000000036,0.2541570395060866
2024-10-07 20:00:00,2646.65,2648.74,2639.71,2642.31,-45000.0,-0.17001598150225838
2024-10-08 00:00:00,2641.8,2649.13,2641.8,2643.61,13000.000000001819,0.049199374789488104
2024-10-08 04:00:00,2643.55,2648.22,2633.78,2643.11,-5000.0,-0.0189135311184363
2024-10-08 08:00:00,2643.06,2646.49,2628.58,2637.9,-52100.000000000364,-0.19711627590225378
2024-10-08 12:00:00,2637.89,2653.01,2635.8,2645.89,79899.99999999782,0.30289245232950623
2024-10-08 16:00:00,2645.84,2647.66,2604.75,2608.97,-369200.0000000007,-1.395371689677205
2024-10-08 20:00:00,2608.98,2623.61,2605.59,2621.49,125199.99999999983,0.47988286565197047
2024-10-09 00:00:00,2619.79,2623.73,2619.79,2621.16,-3299.9999999992724,-0.01258826087453535
2024-10-09 04:00:00,2621.18,2624.29,2614.97,2616.02,-51399.99999999873,-0.19609638480672098
2024-10-09 08:00:00,2616.03,2624.29,2609.16,2616.27,2500.0,0.00955650186160728
2024-10-09 12:00:00,2616.23,2622.44,2614.7,2618.89,26199.99999999891,0.1001425693831326
2024-10-09 16:00:00,2618.88,2620.62,2605.21,2608.72,-101700.00000000073,-0.3883324614626815
2024-10-09 20:00:00,2608.71,2611.09,2605.18,2607.52,-11999.999999998181,-0.04599957067066285
2024-10-10 00:00:00,2606.77,2610.2,2605.95,2609.33,18099.999999999454,0.0694146161870357
2024-10-10 04:00:00,2609.31,2616.92,2606.82,2613.94,46100.00000000127,0.17667370551062156
2024-10-10 08:00:00,2614.01,2617.33,2610.27,2615.52,15799.999999999272,0.060445151763244276
2024-10-10 12:00:00,2615.55,2627.35,2602.46,2625.11,95900.00000000146,0.3666574906710851
2024-10-10 16:00:00,2625.13,2629.75,2615.7,2619.27,-58400.000000001455,-0.2224668680550601
2024-10-10 20:00:00,2619.25,2631.47,2616.54,2629.68,104099.99999999854,0.39743898109014797
2024-10-11 00:00:00,2626.69,2635.75,2626.69,2633.82,41400.000000003274,0.1574336040887303
2024-10-11 04:00:00,2633.83,2646.07,2632.97,2645.6,117799.99999999745,0.4472591141383875
2024-10-11 08:00:00,2645.52,2647.17,2638.09,2639.27,-63299.99999999927,-0.23926519504081645
2024-10-11 12:00:00,2639.29,2650.08,2636.26,2643.07,38000.00000000182,0.14397920637145845
2024-10-11 16:00:00,2643.22,2661.41,2642.65,2660.43,173599.99999999674,0.656811964874171
2024-10-11 20:00:00,2660.46,2661.16,2654.76,2657.07,-33599.999999996726,-0.12629537330430818
2024-10-14 00:00:00,2654.94,2656.06,2645.0,2646.77,-103000.00000000182,-0.3876450375789986
2024-10-14 04:00:00,2646.76,2660.3,2643.18,2659.23,124600.00000000036,0.4707624765279972
2024-10-14 08:00:00,2659.19,2666.81,2657.11,2659.41,1799.999999998363,0.006768876704899007
2024-10-14 12:00:00,2659.44,2663.01,2649.31,2651.42,-79899.99999999782,-0.3004425793690979
2024-10-14 16:00:00,2651.39,2661.2,2644.02,2648.58,-28400.000000001455,-0.10711241523411186
2024-10-14 20:00:00,2648.57,2653.3,2646.11,2648.73,1500.0000000009095,0.005663412092515863
2024-10-15 00:00:00,2647.25,2650.99,2646.85,2648.18,-5500.000000001819,-0.020764668350503612
2024-10-15 04:00:00,2648.16,2652.73,2642.96,2644.43,-37500.0,-0.14160668836710189
2024-10-15 08:00:00,2644.4,2655.72,2638.08,2653.95,95199.99999999983,0.3600019663972942
2024-10-15 12:00:00,2654.01,2657.38,2645.63,2648.32,-56299.999999996544,-0.21213662653778442
2024-10-15 16:00:00,2648.27,2668.9,2646.07,2661.86,135399.99999999965,0.5112675205413142
2024-10-15 20:00:00,2661.87,2666.46,2659.03,2662.36,5000.0,0.018783857903881263
2024-10-16 00:00:00,2661.87,2662.88,2658.67,2660.17,-21900.000000000546,-0.08225784642197365
2024-10-16 04:00:00,2660.18,2670.08,2660.14,2666.72,65499.99999999727,0.24622486532814847
2024-10-16 08:00:00,2666.77,2680.14,2666.09,2679.53,128100.000000004,0.4803653926921614
2024-10-16 12:00:00,2679.74,2682.68,2673.04,2681.79,22599.999999997635,0.0843431497314695
2024-10-16 16:00:00,2681.75,2685.33,2666.73,2674.18,-76100.00000000128,-0.2837656938089905
2024-10-16 20:00:00,2674.26,2676.71,2672.76,2673.58,-5999.9999999990905,-0.022436784360058137
2024-10-17 00:00:00,2673.23,2678.04,2673.14,2677.92,43400.000000001455,0.16232916164842237
2024-10-17 04:00:00,2677.9,2684.88,2674.64,2679.08,11599.999999998545,0.04331720141004247
2024-10-17 08:00:00,2679.09,2685.69,2678.1,2681.91,28299.999999999272,0.1056332770951185
2024-10-17 12:00:00,2681.9,2688.79,2673.16,2680.67,-12399.999999997817,-0.04623570515042141
2024-10-17 16:00:00,2680.69,2696.75,2677.88,2692.23,115599.99999999945,0.4312354747133984
2024-10-17 20:00:00,2692.23,2694.21,2688.91,2692.74,5099.999999997635,0.018943403795357305
2024-10-18 00:00:00,2691.62,2695.83,2689.14,2693.01,2700.0000000043656,0.01002696138507897
2024-10-18 04:00:00,2693.04,2711.97,2692.81,2710.19,171799.99999999837,0.6379478724549692
2024-10-18 08:00:00,2710.18,2714.05,2701.75,2706.29,-39000.00000000091,-0.14390135008984783
2024-10-18 12:00:00,2706.35,2717.05,2706.25,2709.58,32899.999999999636,0.1215686419415496
2024-10-18 16:00:00,2709.56,2720.19,2704.97,2717.66,80799.99999999927,0.29820119723351635
2024-10-18 20:00:00,2717.68,2722.45,2713.6,2721.32,36600.00000000309,0.13467468336731958
2024-10-21 00:00:00,2716.12,2725.85,2715.31,2721.69,3699.9999999989086,0.013596342951216478
2024-10-21 04:00:00,2721.73,2732.81,2721.1,2730.4,87100.00000000036,0.3200217511913461
2024-10-21 08:00:00,2730.39,2733.09,2723.62,2731.4,10000.0,0.03662467037797157
2024-10-21 12:00:00,2731.38,2739.78,2727.76,2738.65,72500.0,0.2654316467745499
2024-10-21 16:00:00,2738.66,2740.56,2716.95,2723.54,-151100.00000000128,-0.5517316926222815
2024-10-21 20:00:00,2723.55,2725.62,2714.23,2719.48,-40599.999999999454,-0.1490706947575582
2024-10-22 00:00:00,2719.14,2725.14,2718.91,2724.76,52800.000000002,0.19415476488153782
2024-10-22 04:00:00,2724.75,2736.01,2724.04,2734.79,100299.99999999745,0.368105814824049
2024-10-22 08:00:00,2734.78,2738.34,2729.04,2734.95,1599.9999999985448,0.005850540626517464
2024-10-22 12:00:00,2734.94,2739.33,2729.6,2736.26,13100.000000004002,0.047898499058507404
2024-10-22 16:00:00,2736.27,2745.54,2733.77,2745.33,90699.99999999709,0.331474348197891
2024-10-22 20:00:00,2745.35,2748.87,2743.59,2748.66,33299.99999999927,0.12129689326965121
2024-10-23 00:00:00,2747.91,2748.49,2744.79,2745.24,-34200.00000000073,-0.12442426491454661
2024-10-23 04:00:00,2745.22,2750.66,2737.7,2750.0,47600.00000000218,0.17339103320657134
2024-10-23 08:00:00,2749.98,2758.43,2748.12,2756.91,69099.99999999854,0.2512727272727222
2024-10-23 12:00:00,2757.03,2757.58,2749.86,2751.9,-50099.999999997635,-0.1817251923348917
